"ID";"NominationYear";"Name";"Author";"PubYear";"AgeLimit";"PublishingHouse";"LitPrizeName";"Nomination";"global_id";
"Êîä";"Ãîä íîìèíèðîâàíèÿ";"Íàèìåíîâàíèå";"Àâòîð";"Ãîä èçäàíèÿ";"Âîçðàñòíîå îãðàíè÷åíèå";"Èçäàòåëüñòâî";"Íàèìåíîâàíèå ëèòåðàòóðíîé ïðåìèè";"Íîìèíàöèÿ";"global_id";
"1";"2017";"F20";"Àííà Þðüåâíà Êîçëîâà";"2016";"18+";"Ðèïîë Êëàññèê";"Íàöèîíàëüíûé áåñòñåëëåð";"Ëó÷øèé ðîìàí, íàïèñàííûé íà ðóññêîì ÿçûêå â òå÷åíèå êàëåíäàðíîãî ãîäà";"881369459";
"2";"2017";"Ïàòðèîò";"Àíäðåé Âèêòîðîâè÷ Ðóáàíîâ";"2017";"18+";"ÀÑÒ";"ßñíàÿ ïîëÿíà";"Ñîâðåìåííàÿ ðóññêàÿ ïðîçà";"881369518";
"3";"2016";"È ñ òåõ ïîð íå ðàññòàâàëèñü. Èñòîðèè ñòðàøíûå, òðîãàòåëüíûå è ñòðàøíî òðîãàòåëüíûå";"Ëåÿ Äàâèäîâíà Ëþáîìèðñêàÿ";"2016";"16+";"ÀÑÒ";"Ðóññêàÿ ïðåìèÿ";"Ìàëàÿ ïðîçà 2 ìåñòî";"881369546";
"4";"2016";"Îòêðûòûé ôèíàë";"Àíäðåé Âàëåíòèíîâè÷ Æâàëåâñêèé Åâãåíèÿ Áîðèñîâíà Ïàñòåðíàê";"2016";"12+";"Âðåìÿ";"Ðóññêàÿ ïðåìèÿ";"Ìàëàÿ ïðîçà 3 ìåñòî";"881369570";
"5";"2016";"Òàéíûé ãîä";"Ìèõàèë Ãåîðãèåâè÷ Ãèãîëàøâèëè";"2017";"18+";"ÀÑÒ";"Ðóññêàÿ ïðåìèÿ";"Êðóïíàÿ ïðîçà 1 ìåñòî";"881369580";
"6";"2017";"Ëåíèí. Ïàíòîêðàòîð ñîëíå÷íûõ ïûëèíîê";"Ëåâ Àëåêñàíäðîâè÷ Äàíèëêèí";"2017";"18+";"Ìîëîäàÿ ãâàðäèÿ";"Áîëüøàÿ êíèãà";"1 ìåñòî";"881369583";
"7";"2017";"Íåèçâåñòíîñòü";"Àåêñåé Èâàíîâè÷ Ñëàïîâñêèé";"2017";"18+";"ÀÑÒ";"Áîëüøàÿ êíèãà";"Øîðò-ëèñò";"881369589";
"8";"2017";"Ãîðîä Áðåæíåâ";"Øàìèëü Èäèàòóëëèí";"2017";"18+";"Àçáóêà";"Áîëüøàÿ êíèãà";"3 ìåñòî";"881369628";
"9";"2017";"Êàòàåâ: «Ïîãîíÿ çà âå÷íîé âåñíîé»";"Ñåðãåé Àëåêñàíäðîâè÷ Øàðãóíîâ";"2016";"18+";"Ìîëîäàÿ ãâàðäèÿ";"Áîëüøàÿ êíèãà";"2 ìåñòî";"881369634";
"10";"2017";"Ñîêîëèíûé ðóáåæ";"Ñåðãåé Àíàòîëüåâè÷ Ñàìñîíîâ";"2017";"18+";"Ðèïîë Êëàññèê";"Áîëüøàÿ êíèãà";"Øîðò-ëèñò";"881369641";
"11";"2017";"Ñîâðåìåííàÿ ëèòåðàòóðà íàðîäîâ Ðîññèè. Ïîýçèÿ";"";"2017";"16+";"ÎÃÈ";"Êíèãà ãîäà";"Êíèãà ãîäà";"881369685";
"12";"2017";"Íàéäè è ïîêàæè íà Ðóñè. 700 ñëîâ â ïîìîùü øêîëüíèêó";"Ñâåòëàíà Âîñêðåñåíñêàÿ";"2017";"5+";"Êëåâåð-ìåäèà-ãðóïï";"Êíèãà ãîäà";"Âìåñòå ñ êíèãîé ìû ðàñò¸ì";"881369776";
"13";"2017";"Ïåñíü òóíãóñà";"Îëåã Íèêîëàåâè÷ Åðìàêîâ";"2017";"18+";"Âðåìÿ";"ßñíàÿ ïîëÿíà";"Ñïåöèàëüíûé ïðèç Samsung";"881369857";
"14";"2017";"Çàõõîê";"Âëàäèìèð Ìåäâåäåâ";"2017";"18+";"ArsisBooks";"Ðóññêèé áóêåð";"Øîðò-ëèñò";"881370083";
"15";"2017";"Èâàí Àóñëåíäåð";"Ãåðìàí Óìàðàëèåâè÷ Ñàäóëàåâ";"2017";"18+";"ÀÑÒ";"ßñíàÿ ïîëÿíà";"Øîðò-ëèñò";"881370171";
"16";"2017";"Ñêðîìíûé ãåðîé";"Ìàðèî Âàðãàñ Ëüîñà";"2016";"18+";"Àçáóêà";"ßñíàÿ ïîëÿíà";"Èíîñòðàííàÿ ëèòåðàòóðà";"881370174";
"17";"2017";"Ñ óìà ñîéòè! Ïóòåâîäèòåëü ïî ïñèõè÷åñêèì ðàññòðîéñòâàì äëÿ æèòåëÿ áîëüøîãî ãîðîä";"Äàðüÿ Âàðëàìîâà";"2017";"18+";"Àëüïèíà Ïàáëèøåð";"Ïðîñâåòèòåëü";"Åñòåñòâåííûå è òî÷íûå íàóêè";"881370221";
"18";"2017";"Äîñòàþùåå çâåíî (â äâóõ òîìàõ). Êíèãà ïåðâàÿ. Îáåçüÿíà è âñå-âñå-âñå.";"Ñòàíèñëàâ Âëàäèìèðîâè÷ Äðîáûøåâñêèé";"2017";"18+";"Àëüïèíà Ïàáëèøåð";"Ïðîñâåòèòåëü";"Øîðò-ëèñò";"881370234";
"19";"2017";"Äîñòàþùåå çâåíî (â äâóõ òîìàõ). Êíèãà âòîðàÿ. Ëþäè.";"Äðîáûøåâñêèé Ñòàíèñëàâ Âëàäèìèðîâè÷";"2017";"18+";"Àëüïèíà Ïàáëèøåð";"Ïðîñâåòèòåëü";"Øîðò-ëèñò";"881370255";
"20";"2017";"Â èíòåðíåòå êòî-òî íåïðàâ! Íàó÷íûå èññëåäîâàíèÿ ñïîðíûõ âîïðîñîâ";"Àñÿ Êàçàíöåâà";"2016";"18+";"ÀÑÒ";"Ïðîñâåòèòåëü";"Øîðò-ëèñò";"881370262";
"21";"2017";"Êîìó íóæíà ìàòåìàòèêà? Ïîíÿòíàÿ êíèãà î òîì, êàê óñòðîåí öèôðîâîé ìèð";"Íåëëè Ëèòâàê";"2017";"18+";"Ìàíí, Èâàíîâ è Ôåðáåð";"Ïðîñâåòèòåëü";"Øîðò-ëèñò";"881370270";
"22";"2017";"Êîíñòðóèðîâàíèå ÿçûêîâ. Îò ýñïåðàíòî äî äîòðàêèéñêîãî";"Àëåêñàíäð ×åäîâè÷ Ïèïåðñêè";"2017";"18+";"Àëüïèíà íîí-ôèêøí";"Ïðîñâåòèòåëü";"Ãóìàíèòàðíûå íàóêè";"881370280";
"23";"2017";"Èçîáðåòåíî â Ðîññèè. Èñòîðèÿ ðóññêîé èçîáðåòàòåëüñêîé ìûñëè îò Ïåòðà I äî Íèêîëàÿ II";"Òèì Þðüåâè÷ Ñêîðåíêî";"2017";"18+";"Àëüïèíà íîí-ôèêøí";"Ïðîñâåòèòåëü";"Øîðò-ëèñò";"881370309";
"24";"2017";"Ñâèäàíèå ñ Êâàçèìîäî";"Àëåêñàíäð Ìåëèõîâ";"2016";"18+";"Ýêñìî";"Ðóññêèé áóêåð";"Øîðò-ëèñò";"881370350";
"25";"2017";"Ãîëîìÿíîå ïëàìÿ";"Äìèòðèé Íîâèêîâ";"2017";"18+";"ÀÑÒ";"Ðóññêèé áóêåð";"Øîðò-ëèñò";"881370369";
"26";"2016";"Óäàëèòü ýòó çàïèñü?";"Ëàðèñà Ðîìàíîâñêàÿ";"2017";"12+";"Ñàìîêàò";"Êíèãóðó";"3 ìåñòî";"881370384";
"27";"2017";"Áðàò-þííàò";"Ñòàíèñëàâ Âëàäèìèðîâè÷ Âîñòîêîâ";"2017";"6+";"Áåëàÿ âîðîíà";"Êíèãóðó";"3 ìåñòî";"881370394";
"28";"2017";"Ïðàâèëî 69 äëÿ òîëñòîé ÷àéêè";"Äàðüÿ Âàðäåíáóðã";"2017";"12+";"Ñàìîêàò";"Ìåæäóíàðîäíàÿ äåòñêàÿ ëèòåðàòóðíàÿ ïðåìèÿ èìåíè Â.Ï.Êðàïèâèíà";"Ëàóðåàò";"881370431";
"29";"2017";"Âîðîí";"Åâãåíèé Ðóäàøåâñêèé";"2017";"12+";"ÊîìïàñÃèä";"Ìåæäóíàðîäíàÿ äåòñêàÿ ëèòåðàòóðíàÿ ïðåìèÿ èìåíè Â.Ï.Êðàïèâèíà";"Ëàóðåàò";"881370452";
"30";"2016";"Ôåÿ Áîðèñà Ëàðèñîâíà";"Òàòüÿíà Ðóñàêîâà";"2017";"5+";"Ðîñìýí";"Íîâàÿ äåòñêàÿ êíèãà";"Âíåêëàññíûå èñòîðèè";"881370462";
"31";"2016";"Ìàêàáð. Èãðà â ñóìåðêàõ";"Ìèëà Íîêñ";"2017";"12+";"Ðîñìýí";"Íîâàÿ äåòñêàÿ êíèãà";"Ìèð ôýíòåçè";"881370479";
"32";"2016";"Ìèðîèñêàòåëè. Ïàóòèíà Ñòàðîãî Ãîðîäà";"Àëåê Âîëüñêèõ";"2017";"12+";"Ðîñìýí";"Íîâàÿ äåòñêàÿ êíèãà";"Âûáîð Terra Incognita";"881370495";
"33";"2017";"Òåêñò";"Äìèòðèé Àëåêñååâè÷ Ãëóõîâñêèé";"2017";"18+";"ÀÑÒ";"ÍÎÑ";"Øîðò-ëèñò";"881370509";
"34";"2017";"Ìàíàðàãà";"Âëàäèìèð Ñîðîêèí";"2017";"18+";"ÀÑÒ";"ÍÎÑ";"Øîðò-ëèñò";"881376449";
"35";"2017";"Ãîëîâàñòèê è ñâÿòûå";"Àíäðåé Ôèëèìîíîâ";"2017";"18+";"Ðèïîë Êëàññèê";"ÍÎÑ";"Øîðò-ëèñò";"881376478";
"36";"2017";"iPhuck 10";"Âèêòîð Îëåãîâè÷ Ïåëåâèí";"2017";"18+";"Ýêñìî";"Ïðåìèÿ À. Áåëîãî";"Øîðò-ëèñò";"881376490";
"37";"2017";"Àíàòîìèÿ àðõèòåêòóðû. Ñåìü êíèã î ëîãèêå, ôîðìå è ñìûñëå";"Ñåðãåé Êàâòàðàäçå";"2017";"18+";"ÂØÝ";"Ïðåìèÿ À. Áåëîãî";"Øîðò-ëèñò";"881376496";
"38";"2017";"Íîâàÿ ìîäåëü ðåàëüíîñòè";"Âàäèì Ðóäíåâ";"2016";"18+";"ÂØÝ";"Ïðåìèÿ À. Áåëîãî";"Øîðò-ëèñò";"881376512";
"39";"2017";"Ðîäèíà";"Åëåíà Äîëãîïÿò";"2016";"18+";"Ðèïîë Êëàññèê";"Íàöèîíàëüíûé áåñòñåëëåð";"Øîðò-ëèñò";"881376515";
"40";"2017";"Âîò è õîðîøî!";"Êèðà Ñòðåëüíèêîâà";"2016";"6+";"Íàñòÿ è Íèêèòà";"Ëèòåðàòóðíàÿ ïðåìèÿ èìåíè Ñ.Ìàðøàêà";"Äåáþò";"881376516";
"41";"2017";"Ñîëíöå íà äîðîãå";"Àíäðåé Ìàêñèìîâ";"2017";"12+";"Äåòñêàÿ ëèòåðàòóðà";"Ìåæäóíàðîäíûé êîíêóðñ èì. Ñ. Ìèõàëêîâà";"3 ìåñòî";"881376517";
"42";"2016";"Çèìíÿÿ äîðîãà";"Ëåîíèä Àáðàìîâè÷ Þçåôîâè÷";"2016";"18+";"ÀÑÒ";"Áîëüøàÿ êíèãà";"1 ìåñòî";"881376519";
"43";"2016";"Êðåïîñòü";"Ïåòð Ìàðêîâè÷ Àëåøêîâñêèé";"2015";"18+";"ÀÑÒ";"Ðóññêèé áóêåð";"Ëàóðåàò";"881376526";
"44";"2016";"Àâèàòîð";"Âîäîëàçêèí Åâãåíèé Ãåðìàíîâè÷";"2016";"16+";"ÀÑÒ";"Áîëüøàÿ êíèãà";"2 ìåñòî";"881376534";
"45";"2016";"Ñ íåáà óïàëè òðè ÿáëîêà";"Àáãàðÿí Íàðèíý Þðüåâíà";"2015";"16+";"ÀÑÒ";"ßñíàÿ ïîëÿíà";"Ñîâðåìåííàÿ ðóññêàÿ ïðîçà";"881376536";
"46";"2016";"Ïîêëîíåíèå âîëõâîâ";"Ñóõáàò Àôëàòóíè";"2016";"16+";"Ðèïîë Êëàññèê";"ßñíàÿ ïîëÿíà";"Øîðò-ëèñò";"881376539";
"47";"2016";"Ãðàíàòîâûé îñòðîâ";"Âëàäèìèð Ýéñíåð";"2015";"18+";"Íàïèñàíî ïåðîì";"ßñíàÿ ïîëÿíà";"Øîðò-ëèñò";"881376545";
"48";"2016";"Ìÿãêàÿ òêàíü. Êíèãà âòîðàÿ: Ñóêíî";"Áîðèñ Äîðèàíîâè÷ Ìèíàåâ";"2016";"18+";"Âðåìÿ";"ßñíàÿ ïîëÿíà";"Øîðò-ëèñò";"881376547";
"49";"2016";"Ìÿãêàÿ òêàíü. Êíèãà ïåðâàÿ: Áàòèñò";"Áîðèñ Äîðèàíîâè÷ Ìèíàåâ";"2015";"18+";"Âðåìÿ";"ßñíàÿ ïîëÿíà";"Øîðò-ëèñò";"881376548";
"50";"2016";"Ìîè ñòðàííûå ìûñëè";"Ïàìóê Îðõàí";"2016";"18+";"Àçáóêà";"ßñíàÿ ïîëÿíà";"Èíîñòðàííàÿ ëèòåðàòóðà";"881376549";
"51";"2016";"Òû, ãëàâíîå, ïèøè î ëþáâè";"Ìîñêâèíà Ìàðèíà Ëüâîâíà Ãîâîðîâà Þëèÿ";"2016";"12+";"Ãàÿòðè";"ßñíàÿ ïîëÿíà";"Øîðò-ëèñò";"881376562";
"52";"2016";"Ëåñíèê è åãî íèìôà";"Ìàðèíà Íåôåäîâà";"2016";"12+";"Íèêåÿ";"ßñíàÿ ïîëÿíà";"Äåòñòâî. Îòðî÷åñòâî. Þíîñòü.";"881376594";
"53";"2016";"Äåòè âîðîíà";"Þëèÿ ßêîâëåâà";"2016";"12+";"Ñàìîêàò";"ßñíàÿ ïîëÿíà";"Øîðò-ëèñò";"881376630";
"54";"2016";"Ëþäè àâãóñòà";"Ñåðãåé Ñåðãååâè÷ Ëåáåäåâ";"2015";"18+";"Àëüïèíà Ïàáëèøåð";"Ðóññêèé áóêåð";"Øîðò-ëèñò";"881376654";
"55";"2016";"È íåò èì âîçäàÿíèÿ";"Àëåêñàíäð Ìîòåëåâè÷ Ìåëèõîâ";"2015";"18+";"Ýêñìî";"Ðóññêèé áóêåð";"Øîðò-ëèñò";"881376676";
"56";"2016";"Ïåñíè äðàêîíîâ. Ëþáîâü è ïðèêëþ÷åíèÿ â ìèðå êðîêîäèëîâ è ïðî÷èõ äèíîçàâðîâûõ ðîäñòâåííèêîâ";"Âëàäèìèð Ëåîíèäîâè÷ Äèíåö";"2015";"18+";"ÀÑÒ";"Áîëüøàÿ êíèãà";"Øîðò-ëèñò";"881376699";
"57";"2016";"Ââåäåíèå â ïîâåäåíèå";"Áîðèñ Áîðèñîâè÷ Æóêîâ";"2016";"18+";"ÀÑÒ";"Ïðîñâåòèòåëü";"Øîðò-ëèñò";"881376707";
"58";"2016";"Ñóììà áèîòåõíîëîãèè";"Àëåêñàíäð Ïàí÷èí";"2015";"18+";"ÀÑÒ";"Ïðîñâåòèòåëü";"Åñòåñòâåííûå è òî÷íûå íàóêè";"881376715";
"59";"2016";"×òî òàêîå Àôðèêà";"Êèðèëë Âëàäèìèðîâè÷ Áàáàåâ Àëåêñàíäðà Àëåêñàíäðîâíà Àðõàíãåëüñêàÿ";"2015";"16+";"Ðèïîë Êëàññèê";"Ïðîñâåòèòåëü";"Øîðò-ëèñò";"881376759";
"60";"2016";"Àíàòîìèÿ àðõèòåêòóðû. Ñåìü êíèã î ëîãèêå, ôîðìå è ñìûñëå";"Ñåðãåé Êàâòàðàäçå";"2016";"18+";"Èçäàòåëüñêèé Äîì ÂØÝ";"Ïðîñâåòèòåëü";"Ãóìàíèòàðíûå íàóêè";"881376781";
"61";"2016";"Ìóæ÷èíà è Æåíùèíà: òåëî, ìîäà, êóëüòóðà. ÑÑÑÐ – Îòòåïåëü";"Íàòàëèÿ Áîðèñîâíà Ëåáèíà";"2014";"18+";"Íîâîå ëèòåðàòóðíîå îáîçðåíèå";"Ïðîñâåòèòåëü";"Øîðò-ëèñò";"881376798";
"62";"2016";"Ïîÿâëåíèå ãåðîÿ. Èç èñòîðèè ðóññêîé ýìîöèîíàëüíîé êóëüòóðû êîíöà XVIII – íà÷àëà XIX âåêà";"Àíäðåé Ëåîíèäîâè÷ Çîðèí";"2016";"18+";"Íîâîå ëèòåðàòóðíîå îáîçðåíèå";"Ïðîñâåòèòåëü";"Ëîíã-ëèñò";"881376824";
"63";"2016";"Íåíàñòüå";"Àëåêñåé Èâàíîâ";"2015";"18+";"ÀÑÒ";"Êíèãà ãîäà";"Ïðîçà";"881376854";
"64";"2016";"Ðàññêàçû î æèâîòíûõ";"Ñåðãåé Ñîëîóõ";"2016";"18+";"Âðåìÿ";"Áîëüøàÿ êíèãà";"Øîðò-ëèñò";"881376872";
"65";"2016";"Òðàâëÿ";"Ñàøà Ôèëèïåíêî";"2016";"18+";"Âðåìÿ";"Áîëüøàÿ êíèãà";"Øîðò-ëèñò";"881378748";
"66";"2016";"×àøêà ïî-àíãëèéñêè";"Ãðèãîðèé Ìèõàéëîâè÷ Êðóæêîâ";"2016";"6+";"Íèãìà";"Êíèãà ãîäà";"Âìåñòå ñ êíèãîé ìû ðàñò¸ì";"881379726";
"67";"2018";"Ïàìÿòè ïàìÿòè";"Ìàðèÿ Ñòåïàíîâà";"2017";"18+";"Íîâîå èçäàòåëüñòâà";"Áîëüøàÿ êíèãà è Ëèòåðàòóðíàÿ ïðåìèÿ ÍÎÑ (íîâàÿ ñëîâåñíîñòü)";"Çà ëó÷øåå ïðîçàè÷åñêîå ïðîèçâåäåíèå áîëüøîé ôîðìû - 1 ïðåìèÿ";"919204439";
"68";"2018";"Áþðî ïðîâåðêè";"Àëåêñàíäð Àðõàíãåëüñêèé";"2018";"18+";"ÀÑÒ";"Áîëüøàÿ êíèãà";"Çà ëó÷øåå ïðîçàè÷åñêîå ïðîèçâåäåíèå áîëüøîé ôîðìû - 2 ïðåìèÿ";"919204441";
"69";"2018";"Èþíü";"Äìèòðèé Áûêîâ";"2018";"18+";"ÀÑÒ";"Áîëüøàÿ êíèãà";"Çà ëó÷øåå ïðîçàè÷åñêîå ïðîèçâåäåíèå áîëüøîé ôîðìû - 3 ïðåìèÿ";"919204442";
"70";"2018";"Òåàòð îò÷àÿíèÿ. Îò÷àÿííûé òåàòð";"Åâãåíèé Ãðèøêîâåö";"2018";"18+";"ÊîËèáðè. Àçáóêà Àòòèêóñ";"Áîëüøàÿ êíèãà";"Ôèíàëèñò. Êîðîòêèé ñïèñîê";"919204542";
"71";"2018";"Ðàäóãà è âåðåñê";"Îëåã Åðìàêîâ";"2018";"16+";"Âðåìÿ";"Áîëüøàÿ êíèãà";"Ôèíàëèñò. Êîðîòêèé ñïèñîê";"919204672";
"72";"2018";"Ðåöåïòû ñîòâîðåíèÿ ìèðà. Îò Ïàðèæà äî Ñèáèðè ÷åðåç âåñü ÕÕ âåê";"Àíäðåé Ôèëèìîíîâ";"2018";"18+";"ÀÑÒ";"Áîëüøàÿ êíèãà";"Ôèíàëèñò. Êîðîòêèé ñïèñîê";"919204766";
"73";"2018";"Ìóëüòèìåäèéíàÿ æóðíàëèñòèêà. Ó÷åáíèê äëÿ âóçîâ";"Àííà Êà÷êàåâà Ñâåòëàíà Øîìîâà Àíäðåé Ìèðîøíè÷åíêî";"2018";"0+";"Âûñøàÿ øêîëà ýêîíîìèêè";"Êíèãà ãîäà";"Ó÷åáíèê ÕÕ1 âåêà. Ïîáåäèòåëü";"919204943";
"74";"2018";"Òåðåìîê. Ãðàôè÷åñêàÿ èñòîðèÿ";"Èãîðü Îëåéíèêîâ";"2018";"16+";"Ìàíí, Èâàíîâ è Ôåðáåð";"Êíèãà ãîäà";"Âìåñòå ñ êíèãîé ìû ðàñòåì. Ïîáåäèòåëü";"919204944";
"75";"2018";"Ïðûæîê â äëèíó";"Îëüãà Ñëàâíèêîâà";"2018";"16+";"ÀÑÒ";"Êíèãà ãîäà è ßñíàÿ ïîëÿíà";"Ïðîçà ãîäà. Ñîâðåìåííàÿ ðóññêàÿ ïðîçà. Ïîáåäèòåëü";"919204957";
"76";"2018";"Èñòîðèÿ Êðûìà";"";"2017";"0+";"Èíñòèòóò ðîññèéñêîé èñòîðèè";"Êíèãà ãîäà";"Humanitas. Ïîáåäèòåëü";"919206405";
"77";"2018";"Íàðèñîâàííàÿ Ìîñêâà";"Àëåíà Äåðãèëåâà";"2017";"0+";"Êîíòàêò-êóëüòóðà";"Êíèãà ãîäà";"Àðò-êíèãà. Ïîáåäèòåëü";"919206407";
"78";"2018";"Ìÿ÷ â èãðå";"Àëåêñåé Äóðíîâî";"2018";"6+";"Áåëàÿ âîðîíà";"Êíèãà ãîäà";"Êíèãà è ôóòáîë. Ïîáåäèòåëü";"919206418";
"79";"2018";"Ñìåðòü Àðòóðà";"Ñýð Òîìàñ Ìýëîðè";"2018";"0+";"Îêòîïóñ";"Êíèãà ãîäà";"Èñêóññòâî êíèãîïå÷àòàíèÿ. Ïîáåäèòåëü";"919206574";
"80";"2018";"Èóäà";"Àìîñ Îç";"2017";"16+";"Ôàíòîì Ïðåññ";"ßñíàÿ ïîëÿíà";"Èíîñòðàííàÿ ëèòåðàòóðà. Ïîáåäèòåëü";"919207255";
"81";"2018";"Ïðàçäíèê ëèøíèõ îðëîâ";"Àëåêñàíäð Áóøêîâñêèé";"2017";"18+";"Ðèïîë êëàññèê";"ßñíàÿ ïîëÿíà";"Ôèíàëèñò. Êîðîòêèé ñïèñîê";"919209400";
"82";"2018";"Ïåòðîâû â ãðèïïå è âîêðóã íåãî";"Àëåêñåé Ñàëüíèêîâ";"2018";"18+";"ÀÑÒ";"Íàöèîíàëüíûé áåñòñåëëåð";"Ïðîçàè÷åñêîå ïðîèçâåäåíèå, îáëàäàþùåãî íåäîðåàëèçîâàííûì ïîòåíöèàëîì «èíòåëëåêòóàëüíîãî áåñòñåëëåðà». Ëàóðåàò.";"919209449";
"83";"2018";"Áûëà áû äî÷ü Àíàñòàñèÿ";"Âàñèëèé Àêñåíîâ";"2018";"16+";"Ëèìáóñ ïðåññ";"Íàöèîíàëüíûé áåñòñåëëåð";"Ôèíàëèñò. Êîðîòêèé ñïèñîê";"919209471";
"85";"2018";"Ïîñìîòðè íà íåãî";"Àííà Ñòàðîáèíåö";"2017";"16+";"Corpus (ÀÑÒ)";"Íàöèîíàëüíûé áåñòñåëëåð";"Ôèíàëèñò. Êîðîòêèé ñïèñîê";"919214913";
"86";"2018";"Ìàíàðàãà";"Âëàäèìèð Ñîðîêèí";"2017";"18+";"Corpus (ÀÑÒ)";"ÍÎÑ (Íîâàÿ ñëîâåñíîñòü)";"Íîâûå òðåíäû â ñîâðåìåííîé õóäîæåñòâåííîé ñëîâåñíîñòè íà ðóññêîì ÿçûêå. Ïîáåäèòåëü";"919214916";
"87";"2018";"Ïðåäàòåëü àäà";"Ïàâåë Ïåïïåðøòåéí";"2018";"18+";"ÍËÎ";"Ïðåìèÿ Àíäðåÿ Áåëîãî";"Ïðîçà. Ïîáåäèòåëü";"919214917";
"88";"2018";"Æåëàíèå èñ÷åçíóòü";"Êîíñòàíòèí Êóïðèÿíîâ";"2018";"18+";"Èçäàòåëüñêèå ðåøåíèÿ";"Ëèöåé";"Ïðîçà. 1 ìåñòî";"919214976";
"89";"2018";"Ëîæü Ãàìëåòà";"Èãîðü Ñàâåëüåâ";"2018";"18+";"Èçäàòåëüñêèå ðåøåíèÿ";"Ëèöåé";"Ïðîçà. 2 ìåñòî";"919214992";
"90";"2018";"Äèñòèìèÿ";"Áóëàò Õàíîâ";"2018";"18+";"Èçäàòåëüñêèå ðåøåíèÿ";"Ëèöåé";"Ïðîçà. 3 ìåñòî";"919214993";
"94";"2018";"Îò àòîìîâ ê äðåâó: Ââåäåíèå â ñîâðåìåííóþ íàóêó î æèçíè";"Ñåðãåé ßñòðåáîâ";"2018";"12+";"Àëüïèíà íîí-ôèêøí";"Ïðîñâåòèòåëü";"Åñòåñòâåííûå è òî÷íûå íàóêè. Ïîáåäèòåëü";"919216580";
"95";"2018";"Ñòðàäàþùåå ñðåäíåâåêîâüå";"Ñåðãåé Çîòîâ Ìèõàèë Ìàéçóëüñ Äèëüøàòà Õàðìàí";"2018";"16+";"ÀÑÒ";"Ïðîñâåòèòåëü";"Ãóìàíèòàðíûå íàóêè. Ïîáåäèòåëü";"919216581";
"96";"2018";"Áàéêè èç ãðîòà: 50 èñòîðèé èç æèçíè äðåâíèõ ëþäåé";"Ñòàíèñëàâ Äðîáûøåâñêèé";"2018";"12+";"Àëüïèíà íîí-ôèêøí";"Ïðîñâåòèòåëü";"Ôèíàëèñò. Êîðîòêèé ñïèñîê";"919216582";
"97";"2018";"Íåñîâðåìåííàÿ ñòðàíà. Ðîññèÿ â ìèðå ÕÕI âåêà";"Âëàäèñëàâ Èíîçåìöåâ";"2018";"16+";"Àëüïèíà Ïàáëèøåð";"Ïðîñâåòèòåëü";"Ôèíàëèñò. Êîðîòêèé ñïèñîê";"919216690";
"98";"2018";"1917. Ñåìíàäöàòü î÷åðêîâ ïî èñòîðèè ðîññèéñêîé ðåâîëþöèè";"Áîðèñ Êîëîíèöêèé";"2017";"16+";"Èçäàòåëüñòâî Åâðîïåéñêîãî óíèâåðñèòåòà â Ñàíêò-Ïåòåðáóðãå";"Ïðîñâåòèòåëü";"Ôèíàëèñò. Êîðîòêèé ñïèñîê";"919216692";
"99";"2018";"Ìàòåìàòèêà äëÿ ãóìàíèòàðèåâ. Æèâûå ëåêöèè";"Àëåêñåé Ñàââàòååâ";"2018";"0+";"Óíèâåðñèòåò Äìèòðèÿ Ïîæàðñêîãî";"Ïðîñâåòèòåëü";"Ôèíàëèñò. Êîðîòêèé ñïèñîê";"919216694";
"100";"2018";"Êàâêàçñêàÿ âîéíà. Ñåìü èñòîðèé";"Àìèðàí Óðóøàäçå";"2018";"16+";"ÍËÎ";"Ïðîñâåòèòåëü";"Ôèíàëèñò. Êîðîòêèé ñïèñîê";"919216696";
"101";"2018";"Âîëÿ è ñàìîêîíòðîëü. Êàê ãåíû è ìîçã ìåøàþò íàì áîðîòüñÿ ñ ñîáëàçíàìè";"Èðèíà ßêóòåíêî";"2018";"12+";"Àëüïèíà íîí-ôèêøí";"Ïðîñâåòèòåëü";"Ôèíàëèñò. Êîðîòêèé ñïèñîê";"919216697";
"102";"2018";"Òåîðèÿ íåâåðîÿòíîñòåé";"Âèêòîðèÿ Ëåäåðìàí";"2018";"6+";"ÊîìïàñÃèä";"ÊÍÈÃÓÐÓ";"Ëó÷øåå ïðîèçâåäåíèå äëÿ äåòåé è þíîøåñòâà. 2 ìåñòî";"919216698";
"91";"2018";"Ëèöåé 2018. Íîìèíàöèÿ «Ïîýçèÿ»";"Àíäðåé Ôàìèöêèé";"2018";"18+";"Èçäàòåëüñêèå ðåøåíèÿ";"Ëèöåé";"Ïîýçèÿ. 1 ìåñòî";"919216700";
"92";"2018";"Ëèöåé 2018. Íîìèíàöèÿ «Ïîýçèÿ»";"Åëåíà Æàìáàëîâà";"2018";"18+";"Èçäàòåëüñêèå ðåøåíèÿ";"Ëèöåé";"Ïîýçèÿ. 2 ìåñòî";"919216701";
"93";"2018";"Ëèöåé 2018. Íîìèíàöèÿ «Ïîýçèÿ»";"Ñîôüÿ Ñåðåáðÿêîâà";"2018";"18+";"Èçäàòåëüñêèå ðåøåíèÿ";"Ëèöåé";"Ïîýçèÿ. 3 ìåñòî";"919216702";
"103";"2019";"Ôèíèñò - ÿñíûé ñîêîë";"Ðóáàíîâ Àíäðåé Âèêòîðîâè÷";"2019";"18+";"ÀÑÒ";"Íàöèîíàëüíûé áåñòñåëëåð";"Ëàóðåàò";"1035304875";
"104";"2019";"ß áóäó âñåãäà ñ òîáîé";"Åòîåâ Àëåêñàíäð Âàñèëüåâè÷";"2019";"16+";"Àçáóêà";"Íàöèîíàëüíûé áåñòñåëëåð";"Íîìèíàíò";"1035304877";
"105";"2019";"×åòâåðî";"Ïåëåâèí Àëåêñàíäð Ñåðãååâè÷";"2018";"16+";"Ïÿòûé Ðèì";"Íàöèîíàëüíûé áåñòñåëëåð";"Íîìèíàíò";"1035304879";
"106";"2019";"XX âåê ïðåäñòàâëÿåò. Êàäðû è êàäàâðû";"Òðîôèìåíêîâ Ìèõàèë Ñåðãååâè÷";"2018";"18+";"Ôëþèä";"Íàöèîíàëüíûé áåñòñåëëåð";"Íîìèíàíò";"1035304931";
"107";"2019";"Êàëå÷èíà-Ìàëå÷èíà";"Åâãåíèÿ Íåêðàñîâà";"2018";"18+";"ÀÑÒ";"Íàöèîíàëüíûé áåñòñåëëåð";"Íîìèíàíò";"1035304939";
"108";"2019";"Ñëàâÿíñêèå îòàêó";"Óïûðü Ëèõîé";"2018";"18+";"Ôëþèä";"Íàöèîíàëüíûé áåñòñåëëåð";"Íîìèíàíò";"1035304945";
"109";"2019";"Ïåðåãîâîðû ñ ìîíñòðàìè. Êàê äîãîâîðèòüñÿ ñ ñèëüíûìè ìèðà ñåãî";"Ðûçîâ Èãîðü Ðîìàíîâè÷";"2018";"12+";"Áîìáîðà";"Äåëîâàÿ êíèãà ãîäà â Ðîññèè";"Ëàóðåàò íîìèíàöèè «Ëó÷øàÿ êíèãà ðîññèéñêîãî àâòîðà»";"1035304950";
"110";"2019";"Ðèñêóÿ ñîáñòâåííîé øêóðîé. Ñêðûòàÿ àñèììåòðèÿ ïîâñåäíåâíîé æèçíè";"Òàëåá Íàññèì Íèêîëàñ";"2018";"18+";"ÊîËèáðè";"Äåëîâàÿ êíèãà ãîäà â Ðîññèè";"Ëàóðåàò íîìèíàöèè «Ëó÷øàÿ êíèãà çàðóáåæíîãî àâòîðà, èçäàííàÿ â Ðîññèè»";"1035304956";
"111";"2019";"Âåíåäèêò Åðîôååâ: ïîñòîðîííèé";"Ëåêìàíîâ Îëåã Àíäåðøàíîâè÷ Ñâåðäëîâ Ìèõàèë Èãîðåâè÷ Ñèìàíîâñêèé Èëüÿ Ãðèãîðüåâè÷";"2019";"18+";"ÀÑÒ";"Áîëüøàÿ êíèãà";"Ëàóðåàò";"1035304979";
"112";"2019";"Äíè Ñàâåëèÿ";"Ãðèãîðèé Ñëóæèòåëü";"2019";"16+";"ÀÑÒ";"Áîëüøàÿ êíèãà";"Ëàóðåàò";"1035304982";
"113";"2019";"Äåòè ìîè";"Ãóçåëü ßõèíà";"2019";"16+";"ÀÑÒ";"Áîëüøàÿ êíèãà";"Ëàóðåàò";"1035304990";
"114";"2019";"Îïîñðåäîâàííî";"Ñàëüíèêîâ Àëåêñåé Áîðèñîâè÷";"2019";"18+";"ÀÑÒ";"Áîëüøàÿ êíèãà";"Íîìèíàíò";"1035304994";
"115";"2019";"Æèçíü À.Ã.";"Ñòàâåöêèé Âÿ÷åñëàâ Âèêòîðîâè÷";"2019";"16+";"ÀÑÒ";"Áîëüøàÿ êíèãà";"Íîìèíàíò";"1035304996";
"116";"2019";"Áðèñáåí";"Âîäîëàçêèí Åâãåíèé Ãåðìàíîâè÷";"2019";"16+";"ÀÑÒ";"Áîëüøàÿ êíèãà";"Íîìèíàíò";"1035305003";
"117";"2019";"Ñîáàêè Åâðîïû";"Áàõàðåâè÷ Îëüãåðä Èâàíîâè÷";"2019";"18+";"Âðåìÿ";"Áîëüøàÿ êíèãà";"Íîìèíàíò";"1035305110";
"118";"2019";"Ðàé çåìíîé";"Ñóõáàò Àôëàòóíè";"2019";"16+";"Ýêñìî";"Áîëüøàÿ êíèãà";"Íîìèíàíò";"1035305120";
"119";"2019";"Äîæäü â Ïàðèæå";"Ñåí÷èí Ðîìàí Âàëåðüåâè÷";"2018";"16+";"ÀÑÒ";"Áîëüøàÿ êíèãà";"Íîìèíàíò";"1035305945";
"120";"2019";"Âñå, ñïîñîáíûå äûøàòü äûõàíèå";"Ëèíîð Ãîðàëèê";"2018";"18+";"ÀÑÒ";"Áîëüøàÿ êíèãà";"Íîìèíàíò";"1035305949";
"121";"2019";"Äåðæàòüñÿ çà çåìëþ";"Ñàìñîíîâ Ñåðãåé Àíàòîëüåâè÷";"2018";"18+";"Ïàëüìèðà";"ßñíàÿ ïîëÿíà";"Ëàóðåàò íîìèíàöèè «Ñîâðåìåííàÿ ðóññêàÿ ïðîçà»";"1035305953";
"122";"2019";"Äîðîãà íà Àñòàïîâî";"Áåðåçèí Âëàäèìèð Ñåðãååâè÷";"2018";"18+";"ÀÑÒ";"ßñíàÿ ïîëÿíà";"Íîìèíàöèÿ «Ñîâðåìåííàÿ ðóññêàÿ ïðîçà»";"1035305955";
"123";"2019";"Íåáåñíûé ïî÷òàëüîí Ôåäÿ Áóëêèí";"Íèêîëàåíêî Àëåêñàíäðà Âàäèìîâíà";"2019";"16+";"ÀÑÒ";"ßñíàÿ ïîëÿíà";"Íîìèíàöèÿ «Ñîâðåìåííàÿ ðóññêàÿ ïðîçà»";"1035305957";
"124";"2019";"Èñêóññòâî âîñêðåøåíèÿ";"Ëåòåëüåð Ýðíàí Ðèâåðà";"2017";"16+";"Èçäàòåëüñòâî Èâàíà Ëèìáàõà";"ßñíàÿ ïîëÿíà";"Ëàóðåàò íîìèíàöèè «Èíîñòðàííàÿ ëèòåðàòóðà»";"1035305962";
"125";"2019";"Îäíà èñòîðèÿ";"Äæóëèàí Áàðíñ";"2018";"16+";"Àçáóêà";"ßñíàÿ ïîëÿíà";"Íîìèíàöèÿ «Èíîñòðàííàÿ ëèòåðàòóðà»";"1035305965";
"126";"2019";"Ñî÷óâñòâóþùèé";"Âüåò Íãóåí Òõàíü";"2019";"16+";"ÀÑÒ";"ßñíàÿ ïîëÿíà";"Íîìèíàöèÿ «Èíîñòðàííàÿ ëèòåðàòóðà»";"1035305966";
"127";"2019";"Áåãóíû";"Îëüãà Òîêàð÷óê";"2018";"18+";"Ýêñìî";"ßñíàÿ ïîëÿíà";"Íîìèíàöèÿ «Èíîñòðàííàÿ ëèòåðàòóðà»";"1035305968";
"128";"2019";"Ñðåäèííàÿ Àíãëèÿ";"Äæîíàòàí Êîó";"2019";"18+";"Ôàíòîì Ïðåññ";"ßñíàÿ ïîëÿíà";"Íîìèíàöèÿ «Èíîñòðàííàÿ ëèòåðàòóðà»";"1035305969";
"129";"2019";"Ýìïàéð Ôîëëç";"Ðè÷àðä Ðóññî";"2018";"16+";"Ôàíòîì Ïðåññ";"ßñíàÿ ïîëÿíà";"Íîìèíàöèÿ «Èíîñòðàííàÿ ëèòåðàòóðà»";"1035305970";
"130";"2019";"Êðàñîòà - ýòî ãîðå";"Êóðíèàâàí Ýêà";"2018";"18+";"Ôàíòîì Ïðåññ";"ßñíàÿ ïîëÿíà";"Íîìèíàöèÿ «Èíîñòðàííàÿ ëèòåðàòóðà»";"1035305971";
"131";"2019";"0,05. Äîêàçàòåëüíàÿ ìåäèöèíà. Îò ìàãèè äî ïîèñêîâ áåññìåðòèÿ";"Òàëàíòîâ Ïåòð Âàëåíòèíîâè÷";"2019";"12+";"ÀÑÒ";"Ïðîñâåòèòåëü";"Ëàóðåàò íîìèíàöèè «Åñòåñòâåííûå è òî÷íûå íàóêè»";"1035305972";
"132";"2019";"Àñòðîíîìèÿ. Ïîïóëÿðíûå ëåêöèè";"Ñóðäèí Âëàäèìèð Ãåîðãèåâè÷";"2019";"18+";"ÌÖÈÌÎ";"Ïðîñâåòèòåëü";"Íîìèíàöèÿ «Åñòåñòâåííûå è òî÷íûå íàóêè»";"1035305973";
"133";"2019";"100 ðàññêàçîâ èç èñòîðèè ìåäèöèíû";"Øèôðèí Ìèõàèë";"2019";"16+";"Àëüïèíà Ïàáëèøåð";"Ïðîñâåòèòåëü";"Íîìèíàöèÿ «Åñòåñòâåííûå è òî÷íûå íàóêè»";"1035305974";
"134";"2019";"ÄÍÊ è åå ÷åëîâåê";"Êëåùåíêî Åëåíà";"2019";"16+";"Àëüïèíà íîí-ôèêøí";"Ïðîñâåòèòåëü";"Íîìèíàöèÿ «Åñòåñòâåííûå è òî÷íûå íàóêè»";"1035305975";
"135";"2019";"Íà íåðâíîé ïî÷âå";"Áðàíä Ïàâåë";"2019";"12+";"ÀÑÒ";"Ïðîñâåòèòåëü";"Íîìèíàöèÿ «Åñòåñòâåííûå è òî÷íûå íàóêè»";"1035305976";
"136";"2019";"Àëõèìèÿ ñîâåòñêîé èíäóñòðèàëèçàöèè";"Îñîêèíà Åëåíà";"2019";"12+";"ÍËÎ";"Ïðîñâåòèòåëü";"Ëàóðåàò íîìèíàöèè «Ãóìàíèòàðíûå íàóêè»";"1035305977";
"137";"2019";"Äåðæàâà è òîïîð";"Àíèñèìîâ Åâãåíèé Âèêòîðîâè÷";"2019";"18+";"ÍËÎ";"Ïðîñâåòèòåëü";"Íîìèíàöèÿ «Ãóìàíèòàðíûå íàóêè»";"1035305978";
"138";"2019";"Äðàìà Ïàìÿòè. Î÷åðêè èñòîðèè ðîññèéñêîé äðàìàòóðãèè";"Ðóäíåâ Ïàâåë";"2018";"0+";"ÍËÎ";"Ïðîñâåòèòåëü";"Íîìèíàöèÿ «Ãóìàíèòàðíûå íàóêè»";"1035305979";
"139";"2019";"Ïîë÷àñà ìóçûêè. Êàê ïîíÿòü è ïîëþáèòü êëàññèêó";"Êàíäàóðîâà Ëÿëÿ";"2018";"16+";"Àëüïèíà Ïàáëèøåð";"Ïðîñâåòèòåëü";"Íîìèíàöèÿ «Ãóìàíèòàðíûå íàóêè»";"1035306011";
"140";"2019";"Ñîáèáîð. Ïîñëåñëîâèå";"Ñèìêèí Ëåâ Ñåìåíîâè÷";"2019";"0+";"ÀÑÒ";"Ïðîñâåòèòåëü";"Íîìèíàöèÿ «Ãóìàíèòàðíûå íàóêè»";"1035306038";
"141";"2019";"Ãîñóäàðñòâî, èëè Öåíà ïîðÿäêà";"Âîëêîâ Âàäèì";"2018";"12+";"Èçäàòåëüñòâî Åâðîïåéñêîãî óíèâåðñèòåòà â Ñàíêò-Ïåòåðáóðãå";"Ïðîñâåòèòåëü";"Íîìèíàöèÿ «Ãóìàíèòàðíûå íàóêè»";"1035306101";
"142";"2019";"Çëîðå÷èå. Èëëþñòðèðîâàííàÿ èñòîðèÿ";"Ùåðáèíèíà Þëèÿ";"2019";"0+";"Íåîëèò";"Ïðîñâåòèòåëü";"Íîìèíàöèÿ «Ãóìàíèòàðíûå íàóêè»";"1035306170";
"143";"2019";"Äîì ïðàâèòåëüñòâà. Ñàãà î ðóññêîé ðåâîëþöèè";"Ñë¸çêèí Þðèé Ëüâîâè÷";"2019";"12+";"ÀÑÒ";"Ïðîñâåòèòåëü";"Ëàóðåàò íîìèíàöèè «Íåôîðìàò»";"1035306176";
"144";"2019";"Â ïîèñêàõ ìàëü÷èøåñêîãî áîãà";"Èùåíêî Äìèòðèé";"2019";"12+";"ÊîìïàñÃèä";"Ìåæäóíàðîäíàÿ äåòñêàÿ ëèòåðàòóðíàÿ ïðåìèÿ èìåíè Â.Ï. Êðàïèâèíà";"Ëàóðåàò íîìèíàöèè «Âûáîð äåòñêîãî æþðè»";"1035306177";
"145";"2019";"Ôðèäà Êàëî. Èñòîðèÿ ïðî õóäîæíèöó, êîòîðàÿ íàðèñîâàëà ñåáÿ è ñâîþ æèçíü";"Àííà Ãåðàñèìåíêî";"2019";"0+";"Êëåâåð-ìåäèà Ãðóïï";"Êíèãà ãîäà";"Ëàóðåàò íîìèíàöèè «Âìåñòå ñ êíèãîé ìû ðàñòåì»";"1035306179";
"146";"2019";"Äìèòðèé Ìåíäåëååâ";"Ëèñà÷åíêî Àëåêñåé";"2019";"0+";"Êëåâåð-ìåäèà Ãðóïï";"Êíèãà ãîäà";"Ëàóðåàò íîìèíàöèè «Âìåñòå ñ êíèãîé ìû ðàñòåì»";"1035306180";
"147";"2019";"Þðèé Ãàãàðèí. Èñòîðèÿ î òîì, êàê îáû÷íûé ìàëü÷èê ñòàë ïåðâûì êîñìîíàâòîì";"Ëèñà÷åíêî Àëåêñåé";"2019";"0+";"Êëåâåð-ìåäèà Ãðóïï";"Êíèãà ãîäà";"Ëàóðåàò íîìèíàöèè «Âìåñòå ñ êíèãîé ìû ðàñòåì»";"1035306181";
"148";"2019";"Âàëåíòèíà Òåðåøêîâà. Èñòîðèÿ î òîì, êàê öåëåóñòðåìë¸ííîñòü îòêðûâàåò äîðîãó ê çâ¸çäàì";"Ãåðàñèìåíêî Àííà";"2019";"0+";"Êëåâåð-ìåäèà Ãðóïï";"Êíèãà ãîäà";"Ëàóðåàò íîìèíàöèè «Âìåñòå ñ êíèãîé ìû ðàñòåì»";"1035306182";
"149";"2019";"Ìàéÿ Ïëèñåöêàÿ. Èñòîðèÿ î òîì, êàê ìàëåíüêàÿ ìå÷òàòåëüíèöà ñòàëà âåëèêîé áàëåðèíîé";"Ãåðàñèìåíêî Àííà";"2019";"0+";"Êëåâåð-ìåäèà Ãðóïï";"Êíèãà ãîäà";"Ëàóðåàò íîìèíàöèè «Âìåñòå ñ êíèãîé ìû ðàñòåì»";"1035306183";
"150";"2019";"Ñîôüÿ Êîâàëåâñêàÿ. Èñòîðèÿ î òîì, êàê íàñòîé÷èâîñòü è òàëàíò îòêðûâàþò ïóòü â ìèð íàóêè";"Ãåðàñèìåíêî Àííà";"2019";"0+";"Êëåâåð-ìåäèà Ãðóïï";"Êíèãà ãîäà";"Ëàóðåàò íîìèíàöèè «Âìåñòå ñ êíèãîé ìû ðàñòåì»";"1035306184";
"151";"2019";"Íåáåñíàÿ ëèñà: ñòèõîòâîðåíèÿ è ïîýìû";"Âîäåííèêîâ Äìèòðèé";"2018";"16+";"Àçáóêà";"Êíèãà ãîäà";"Ëàóðåàò íîìèíàöèè «Ïîýçèÿ ãîäà»";"1035306185";
"152";"2019";"500 íåèçâåñòíûõ";"Êèáîâñêèé Àëåêñàíäð Âëàäèìèðîâè÷";"2019";"12+";"Ôîíä «Ðóññêèå Âèòÿçè»";"Êíèãà ãîäà";"Ëàóðåàò íîìèíàöèè «HUMANITAS»";"1035306186";
"153";"2019";"×¸ðíûé ðåéä";"ßêîâëåâ Àëåêñàíäð";"2017";"12+";"Èñêóññòâî XXI âåê";"Êíèãà ãîäà";"Ëàóðåàò íîìèíàöèè «ART-êíèãà»";"1035306187";
"154";"2019";"Æåëòûé ðåéä";"ßêîâëåâ Àëåêñàíäð";"2019";"12+";"Èñêóññòâî XXI âåê";"Êíèãà ãîäà";"Ëàóðåàò íîìèíàöèè «ART-êíèãà»";"1035306188";
"155";"2019";"Íåèçâåñòíûé Ñòàíèñëàâñêèé. Ìàòåðèàëû ê ïîñòàíîâêàì, ìîòèâû äåêîðàöèé, ýñêèçû êîñòþìîâ, ãðèìû";"Áóáíîâà Ìàðôà Íèêîëàåâíà";"2018";"12+";"Áîñëåí";"Êíèãà ãîäà";"Ëàóðåàò íîìèíàöèè «Èñêóññòâî êíèãîïå÷àòàíèÿ»";"1035306189";
"156";"2019";"Áîëüøîé òåàòð è ìóçåé. 1918–2018. Èç êîëëåêöèè Ìóçåÿ Ãîñóäàðñòâåííîãî àêàäåìè÷åñêîãî Áîëüøîãî òåàòðà Ðîññèè";"Õàðèíà Ëèäèÿ Ãëåáîâíà ×óðàêîâà Åêàòåðèíà Àëåêñååâíà";"2019";"16+";"Êó÷êîâî Ïîëå";"Êíèãà ãîäà";"Ëàóðåàò íîìèíàöèè «Ìåëüïîìåíà è Òàëèÿ»";"1035306191";
"157";"2019";"Î Äàíèèëå Ãðàíèíå. Âîñïîìèíàíèÿ";"Ñîêîëîâñêàÿ Íàòàëèÿ-ðåäàêòîð";"2019";"16+";"Âèòà-Íîâà";"Êíèãà ãîäà";"Ëàóðåàò íîìèíàöèè «Êíèãà ãîäà»";"1035306224";
"158";"2019";"Ãîâîðèò è ïîêàçûâàåò Ðîññèÿ";"Àðêàäèé Îñòðîâñêèé";"2019";"12+";"ÀÑÒ";"Ëèáìèññèÿ";"Ëàóðåàò íîìèíàöèè «Àíàëèòèêà»";"1035306225";
"159";"2019";"Ëèöåé 2019. Òðåòèé âûïóñê";"Êîëëåêòèâ àâòîðîâ";"2019";"18+";"ÀÑÒ";"Ëèòåðàòóðíàÿ ïðåìèÿ «Ëèöåé» èìåíè Àëåêñàíäðà Ïóøêèíà äëÿ ìîëîäûõ ïèñàòåëåé è ïîýòîâ";"Ñáîðíèê ïðîèçâåäåíèé-ëàóðåàòîâ (ïðîèçâåäåíèé-ïîáåäèòåëåé ïðåìèè)";"1035306226";
"160";"2019";"Íüþ-éîðêñêèé îáõîä";"Ñòåñèí Àëåêñàíäð";"2019";"12+";"ÍËÎ";"ÍÎÑ (Íîâàÿ ñëîâåñíîñòü)";"Ëàóðåàò";"1035306227";
"161";"2019";"Ñîáèðàòåëü ðàÿ";"×èæîâ Åâãåíèé";"2019";"16+";"ÀÑÒ";"ÍÎÑ (Íîâàÿ ñëîâåñíîñòü)";"Íîìèíàíò";"1035306228";
"162";"2019";"Ìèðîíû÷, äûðíèê è æåìîæàõà. Ðàññêàçû î Ðîäèíå";"Cèíèöêàÿ Ñîôüÿ";"2019";"16+";"Ëèìáóñ Ïðåññ";"ÍÎÑ (Íîâàÿ ñëîâåñíîñòü)";"Íîìèíàíò";"1035306229";
"163";"2019";"Òàéíà íàøåãî âðåìåíè";"Ïåïïåðøòåéí Ïàâåë";"2018";"18+";"Ìóçåé ñîâðåìåííîãî èñêóññòâà «Ãàðàæ»";"ÍÎÑ (Íîâàÿ ñëîâåñòíîñòü)";"Íîìèíàíò";"1035306230";
"164";"2019";"Ïîäíåáåñíûé ýêñïðåññ";"Êîáðèí Êèðèëë Ðàôàèëîâè÷";"2019";"18+";"ÍËÎ";"ÍÎÑ (Íîâàÿ ñëîâåñòíîñòü)";"Íîìèíàíò";"1035306240";
"165";"2019";"Âîññòàíèå";"Êîíîíîâ Íèêîëàé Â";"2019";"16+";"Íîâîå èçäàòåëüñòâî";"ÍÎÑ (Íîâàÿ ñëîâåñòíîñòü)";"Íîìèíàíò";"1035306249";
"166";"2019";"Ïóòåâîäèòåëü ïî N";"Ñêèäàí Àëåêñàíäð";"2018";"16+";"Íîñîðîã";"ÍÎÑ (Íîâàÿ ñëîâåñòíîñòü)";"Íîìèíàíò";"1035306250";
"167";"2019";"Âòîðæåíèå. Êðàòêàÿ èñòîðèÿ ðóññêèõ õàêåðîâ";"Òóðîâñêèé Äàíèèë";"2019";"18+";"Individuum";"ÍÎÑ (Íîâàÿ ñëîâåñòíîñòü)";"Íîìèíàíò";"1035306252";
"168";"2019";"Æèçíü Àëåêñåÿ: Äèàëîãè";"ßðèí Àëåêñàíäð";"2018";"16+";"Èçäàòåëüñòâî Èâàíà Ëèìáàõà";"ÍÎÑ (Íîâàÿ ñëîâåñòíîñòü)";"Íîìèíàíò";"1035306254";
"169";"2020";"Íàñêâîçü";"Ãðîìîâà Íàòàëèÿ";"2020";"0+";"ArsisBooks";"Áîëüøàÿ êíèãà";"Íîìèíàíò";"1124001765";
"170";"2020";"Êàê óñòðîåí ãîðîä";"Ðåâçèí Ãðèãîðèé";"2019";"0+";"Strelka Press";"Ïðîñâåòèòåëü";"Íîìèíàöèÿ «Ãóìàíèòàðíûå íàóêè»";"1124001843";
"171";"2020";"ßçûê òåëà. Ïîçû è æåñòû â èñêóññòâå";"Ìîððèñ Äåñìîíä";"2019";"0+";"Àä Ìàðãèíåì Ïðåññ";"Ïðîñâåòèòåëü";"Íîìèíàöèÿ «Ãóìàíèòàðíûå íàóêè»";"1124001879";
"172";"2020";"Êîíöåðòìåéñòåð";"Çàìøåâ Ìàêñèì";"2020";"16+";"Àçáóêà";"Êíèãà ãîäà";"Íîìèíàöèÿ «Ïðîçà ãîäà» Ïîáåäèòåëü";"1124001945";
"173";"2020";"Àëüòðóèñòû";"Ðèäêåð Ýíäðþ";"2019";"18+";"Àçáóêà";"ßñíàÿ ïîëÿíà";"Íîìèíàöèÿ «Èíîñòðàííàÿ ëèòåðàòóðà» Ëîíã-ëèñò";"1124002057";
"174";"2020";"Æèçíè, êîòîðûå ìû íå ïðîæèëè";"Ðîé Àíóðàäõà";"2019";"16+";"Àçáóêà";"ßñíàÿ ïîëÿíà";"Íîìèíàöèÿ «Èíîñòðàííàÿ ëèòåðàòóðà» Ëîíã-ëèñò";"1124002191";
"175";"2020";"Ïîòðÿñàþùèå ïðèêëþ÷åíèÿ Êàâàëåðà è Êëåÿ";"Øåéáîí Ìàéêë";"2019";"18+";"Àçáóêà";"ßñíàÿ ïîëÿíà";"Íîìèíàöèÿ «Èíîñòðàííàÿ ëèòåðàòóðà» Ëîíã-ëèñò";"1124002346";
"176";"2020";"Óòîïèÿ äëÿ ðåàëèñòîâ: Êàê ïîñòðîèòü èäåàëüíûé ìèð";"Áðåãìàí Ðóòãåð";"2020";"12+";"Àëüïèíà";"Ïðîñâåòèòåëü";"Íîìèíàöèÿ «Ãóìàíèòàðíûå íàóêè»";"1124002393";
"177";"2020";"Õëîïîê îäíîé ëàäîíüþ. Êàê íåæèâàÿ ïðèðîäà ïîðîäèëà ÷åëîâå÷åñêèé ðàçóì.";"Êóêóøêèí Íèêîëàé";"2020";"16+";"Àëüïèíà";"Ïðîñâåòèòåëü";"Íîìèíàöèÿ «Åñòåñòâåííûå è òî÷íûå íàóêè»";"1124002443";
"178";"2020";"Êðèòè÷åñêîå ìûøëåíèå. Æåëåçíàÿ ëîãèêà íà âñå ñëó÷àè æèçíè";"Íåïðÿõèí Íèêèòà";"2020";"12+";"Àëüïèíà";"Ïðîñâåòèòåëü";"Teen Talks Íîìèíàíò";"1124002503";
"179";"2020";"Áèîëîãèÿ äîáðà è çëà: Êàê íàóêà îáúÿñíÿåò íàøè ïîñòóïêè";"Ñàïîëüñêè Ðîáåðò";"2019";"16+";"Àëüïèíà";"Ïðîñâåòèòåëü";"Íîìèíàöèÿ «Åñòåñòâåííûå è òî÷íûå íàóêè»";"1124003033";
"180";"2020";"Ñòðàííàÿ îáåçüÿíà. Êóäà äåëàñü øåðñòü è ïî÷åìó ëþäè ðàçíîãî öâåòà";"Ñîêîëîâ Àëåêñàíäð";"2020";"12+";"Àëüïèíà";"Ïðîñâåòèòåëü";"Íîìèíàöèÿ «Åñòåñòâåííûå è òî÷íûå íàóêè»";"1124003100";
"181";"2020";"Ñðåäíåâåêîâàÿ Åâðîïà : Îò ïàäåíèÿ Ðèìà äî Ðåôîðìàöèè";"Óèêõåì Êðèñ";"2019";"12+";"Àëüïèíà";"Ïðîñâåòèòåëü";"Íîìèíàöèÿ «Ãóìàíèòàðíûå íàóêè»";"1124003234";
"182";"2020";"×åðò¸æ Íüþòîíà";"Èëè÷åâñêèé Àëåêñàíäð";"2019";"16+";"ÀÑÒ";"Áîëüøàÿ êíèãà";"Íîìèíàíò";"1124003433";
"183";"2020";"×åðíîå ìîðå. Êîëûáåëü öèâèëèçàöèè è âàðâàðñòâà";"Àøåðñîí Íèë";"2017";"0+";"ÀÑÒ";"Ïðîñâåòèòåëü";"Íîìèíàöèÿ «Ãóìàíèòàðíûå íàóêè»";"1124003540";
"184";"2020";"Îëåã Êóâàåâ: ïîâåñòü î íåðåãëàìåíòèðîâàííîì ÷åëîâåêå";"Àâ÷åíêî Âàñèëèé Êîðîâàøêî Àëåêñåé";"2019";"16+";"ÀÑÒ";"Áîëüøàÿ êíèãà";"Íîìèíàíò";"1124003655";
"185";"2020";"Çåìëÿ";"Åëèçàðîâ Ìèõàèë";"2019";"18+";"ÀÑÒ";"Íàöèîíàëüíûé áåñòñåëëåð";"Ëàóðåàò";"1124003718";
"186";"2020";"×óðîâ è ×óðáàíîâ";"Áóêøà Êñåíèÿ";"2020";"18+";"ÀÑÒ";"Áîëüøàÿ êíèãà";"Íîìèíàíò";"1124003758";
"187";"2020";"Äîáûòü Òàðêîâñêîãî. Íåèíòåëëèãåíòíûå ðàññêàçû";"Ñåëóêîâ Ïàâåë";"2019";"18+";"ÀÑÒ";"Áîëüøàÿ êíèãà";"Íîìèíàíò";"1124003808";
"188";"2020";"Ôàêòîëîãè÷íîñòü";"Ðîñëèíã Õàíñ";"2020";"12+";"ÀÑÒ";"Ïðîñâåòèòåëü";"Íîìèíàöèÿ «Åñòåñòâåííûå è òî÷íûå íàóêè»";"1124003857";
"189";"2020";"Êàê íàçûâàþòñÿ æåíùèíû";"Ôóôàåâà Èðèíà";"2020";"12+";"ÀÑÒ";"Ïðîñâåòèòåëü";"Íîìèíàöèÿ «Ãóìàíèòàðíûå íàóêè»";"1124003912";
"190";"2020";"Áûâøàÿ Ëåíèíà";"Èäèàòóëëèí Øàìèëü";"2019";"16+";"ÀÑÒ";"Áîëüøàÿ êíèãà";"Ëàóðåàò";"1124004020";
"191";"2020";"Ëèöåé 2020";"Êîëëåêòèâ àâòîðîâ";"2020";"18+";"ÀÑÒ";"Ëèöåé";"Ñáîðíèê ïðîèçâåäåíèé ëàóðåàòîâ";"1124004123";
"192";"2020";"ßêóòñêèé õîëîä";"Óãàðîâ Ã Àíäðîñîâà Í Ñåìåíîâà Ó";"2019";"12+";"Áè÷èê";"Êíèãà ãîäà";"Íîìèíàöèÿ «Non-fiction» Ïîáåäèòåëü";"1124004197";
"193";"2020";"Îòñ÷åò âðåìåíè îáðàòíûé";"Ïàâëîâ Îëåã";"2020";"18+";"Âðåìÿ";"ßñíàÿ ïîëÿíà";"Íîìèíàöèÿ «Ñîáûòèå» Ëàóðåàò";"1124004213";
"194";"2020";"Ðàññêàçû ïðî Ðîññèþ 1861-1922: êíèæêà äëÿ ÷òåíèÿ";"×óäàêîâà Ìàðèýòòà";"2020";"12+";"Âðåìÿ";"Ïðîñâåòèòåëü";"Teen Talks íîìèíàíò";"1124004221";
"195";"2020";"Èðîíè÷åñêàÿ èìïåðèÿ. Ðèñê, øàíñ è äîãìû Ñèñòåìû ÐÔ";"Ïàâëîâñêèé Ãëåá";"2019";"0+";"Åâðîïà";"Ïðåìèÿ Àëåêñàíäðà Ïÿòèãîðñêîãî";"Ëàóðåàò";"1124004232";
"196";"2020";"Öèâèëèçàöèÿ, èëè Âîéíà ìèðîâ (ñåðèÿ «Àçáóêà ïîíÿòèé»)";"Âåëèæåâ Ìèõàèë";"2019";"0+";"ÅÓÑïÁ";"Ïðîñâåòèòåëü";"Ñïåö. ïðåìèÿ çà ñåðèþ";"1124004254";
"197";"2020";"Äåíüãè, èëè Çîëîòàÿ àíòèëîïà (ñåðèÿ «Àçáóêà ïîíÿòèé»)";"Âûìÿòíèíà Þëèÿ";"2019";"0+";"ÅÓÑïÁ";"Ïðîñâåòèòåëü";"Ñïåö. ïðåìèÿ çà ñåðèþ";"1124004263";
"198";"2020";"Àâòîêðàòèÿ, èëè Îäèíî÷åñòâî âëàñòè (ñåðèÿ «Àçáóêà ïîíÿòèé»)";"Ãîëîñîâ Ãðèãîðèé";"2019";"0+";"ÅÓÑïÁ";"Ïðîñâåòèòåëü";"Ñïåö. ïðåìèÿ çà ñåðèþ";"1124004268";
"199";"2020";"Ïàòðèîòèçì, èëè Äûì îòå÷åñòâà (ñåðèÿ «Àçáóêà ïîíÿòèé»)";"Êðîì Ìèõàèë";"2020";"0+";"ÅÓÑïÁ";"Ïðîñâåòèòåëü";"Ñïåö. ïðåìèÿ çà ñåðèþ";"1124004280";
"200";"2020";"Âîéíà, èëè Â ïëåíó íàñèëèÿ (ñåðèÿ «Àçáóêà ïîíÿòèé»)";"Êóìàíüêîâ Àðñåíèé";"2019";"0+";"ÅÓÑïÁ";"Ïðîñâåòèòåëü";"Ñïåö. ïðåìèÿ çà ñåðèþ";"1124004286";
"201";"2020";"Èñòîðèÿ, èëè Ïðîøëîå â íàñòîÿùåì (ñåðèÿ «Àçáóêà ïîíÿòèé»)";"Êóðèëëà Èâàí";"2020";"0+";"ÅÓÑïÁ";"Ïðîñâåòèòåëü";"Ñïåö. ïðåìèÿ çà ñåðèþ";"1124004307";
"202";"2020";"Íàöèÿ, èëè Ìîãóùåñòâî ìèôà (ñåðèÿ «Àçáóêà ïîíÿòèé»)";"Ìèëëåð Àëåêñåé";"2020";"0+";"ÅÓÑïÁ";"Ïðîñâåòèòåëü";"Ñïåö. ïðåìèÿ çà ñåðèþ";"1124004312";
"203";"2020";"Ðåñïóáëèêà, èëè Äåëî ïóáëèêè (ñåðèÿ «Àçáóêà ïîíÿòèé»)";"Õàðõîðäèí Îëåã";"2020";"0+";"ÅÓÑïÁ";"Ïðîñâåòèòåëü";"Ñïåö. ïðåìèÿ çà ñåðèþ";"1124004319";
"204";"2020";"Îáùåñòâåííîå ìíåíèå, èëè Âëàñòü öèôð (ñåðèÿ «Àçáóêà ïîíÿòèé»)";"Þäèí Ãðèãîðèé";"2020";"0+";"ÅÓÑïÁ";"Ïðîñâåòèòåëü";"Ñïåö. ïðåìèÿ çà ñåðèþ";"1124004325";
"205";"2020";"Ãåíåðàë è åãî ñåìüÿ";"Êèáèðîâ Òèìóð";"2020";"18+";"Èíäèâèäóóì";"Áîëüøàÿ êíèãà";"Øîðò-ëèñò";"1124004331";
"206";"2020";"Âîñïîìèíàíèÿ (ñåðèÿ «Ìàòåðèàëû ê áèîãðàôèè»)";"Êîíàøåâè÷ Âëàäèìèð";"2019";"12+";"Êðàñíûé ïàðîõîä";"Êíèãà ãîäà";"Íîìèíàöèÿ «ART-êíèãà» Ïîáåäèòåëü";"1124004340";
"207";"2020";"Ýòþäû îá èñêóññòâå (ñåðèÿ «Ìàòåðèàëû ê áèîãðàôèè»)";"Ìàâðèíà Òàòüÿíà";"2019";"18+";"Êðàñíûé ïàðîõîä";"Êíèãà ãîäà";"Íîìèíàöèÿ «ART-êíèãà» Ïîáåäèòåëü";"1124004409";
"208";"2020";"Ïåðâûé èç ãðóïïû «13» (ñåðèÿ «Ìàòåðèàëû ê áèîãðàôèè»)";"Ìèëàøåâñêèé Âëàäèìèð";"2019";"18+";"Êðàñíûé ïàðîõîä";"Êíèãà ãîäà";"Íîìèíàöèÿ «ART-êíèãà» Ïîáåäèòåëü";"1124004530";
"209";"2020";"Ñèÿíèå «æåìîæàõà»";"Ñèíèöêàÿ Ñîôèÿ";"2020";"16+";"Ëèìáóñ";"Áîëüøàÿ êíèãà";"Øîðò-ëèñò";"1124004537";
"210";"2020";"Ïî÷òè ÷åëîâåê. Êàê îòêðûòèå Homo naledi èçìåíèëî íàøó èñòîðèþ";"Áåðãåð Ëè Õîêñ Äæîí";"2020";"16+";"Ìàíí, Èâàíîâ è Ôåðáåð";"Ïðîñâåòèòåëü";"Øîðò-ëèñò";"1124004565";
"211";"2020";"Åñåíèí";"Ïðèëåïèí Çàõàð";"2020";"18+";"Ìîëîäàÿ ãâàðäèÿ";"Êíèãà ãîäà";"Íîìèíàöèÿ «Humanitas» Ïîáåäèòåëü";"1124004572";
"212";"2020";"Èñêóññòâåííûé èíòåëëåêò è ìîçã ÷åëîâåêà";"Ãóáàéëîâñêèé Âëàäèìèð";"2019";"0+";"Íàóêà";"Ïðîñâåòèòåëü";"Øîðò-ëèñò";"1124004579";
"213";"2020";"Áèáëèîòåêà ëèòåðàòóðû Äðåâíåé Ðóñè. Ò. 1. XI - XII âåêà";"Àíòîëîãèÿ";"2016";"0+";"Íàóêà";"Êíèãà ãîäà";"Ãðàí-ïðè";"1124004595";
"214";"2020";"Áèáëèîòåêà ëèòåðàòóðû Äðåâíåé Ðóñè. Ò. 2. XI - XII âåêà";"Àíòîëîãèÿ";"2016";"0+";"Íàóêà";"Êíèãà ãîäà";"Ãðàí-ïðè";"1124004602";
"215";"2020";"Áèáëèîòåêà ëèòåðàòóðû Äðåâíåé Ðóñè. Ò. 3. XI - XII âåêà";"Àíòîëîãèÿ";"2016";"0+";"Íàóêà";"Êíèãà ãîäà";"Ãðàí-ïðè";"1124004617";
"216";"2020";"Áèáëèîòåêà ëèòåðàòóðû Äðåâíåé Ðóñè. Ò. 4. XII âåê";"Àíòîëîãèÿ";"2016";"0+";"Íàóêà";"Êíèãà ãîäà";"Ãðàí-ïðè";"1124004629";
"217";"2020";"Áèáëèîòåêà ëèòåðàòóðû Äðåâíåé Ðóñè. Ò. 5. XIII âåê";"Àíòîëîãèÿ";"2016";"0+";"Íàóêà";"Êíèãà ãîäà";"Ãðàí-ïðè";"1124004715";
"218";"2020";"Áèáëèîòåêà ëèòåðàòóðû Äðåâíåé Ðóñè. Ò. 6. XIV - ñåð. XV âåêà";"Àíòîëîãèÿ";"2016";"0+";"Íàóêà";"Êíèãà ãîäà";"Ãðàí-ïðè";"1124004787";
"219";"2020";"Áèáëèîòåêà ëèòåðàòóðû Äðåâíåé Ðóñè. Ò.10. XVI âåê";"Àíòîëîãèÿ";"2004";"0+";"Íàóêà";"Êíèãà ãîäà";"Ãðàí-ïðè";"1124004795";
"220";"2020";"Áèáëèîòåêà ëèòåðàòóðû Äðåâíåé Ðóñè. Ò.11. XVI âåê";"Àíòîëîãèÿ";"2016";"0+";"Íàóêà";"Êíèãà ãîäà";"Ãðàí-ïðè";"1124004801";
"221";"2020";"Áèáëèîòåêà ëèòåðàòóðû Äðåâíåé Ðóñè. Ò.12. XVI âåê";"Àíòîëîãèÿ";"2003";"0+";"Íàóêà";"Êíèãà ãîäà";"Ãðàí-ïðè";"1124004805";
"222";"2020";"Áèáëèîòåêà ëèòåðàòóðû Äðåâíåé Ðóñè. Ò.13. XVI âåê";"Àíòîëîãèÿ";"2006";"0+";"Íàóêà";"Êíèãà ãîäà";"Ãðàí-ïðè";"1124004811";
"223";"2020";"Áèáëèîòåêà ëèòåðàòóðû Äðåâíåé Ðóñè. Ò.14. Êîíåö XVI-íà÷. XVII âåêà";"Àíòîëîãèÿ";"2016";"0+";"Íàóêà";"Êíèãà ãîäà";"Ãðàí-ïðè";"1124004823";
"224";"2020";"Áèáëèîòåêà ëèòåðàòóðû Äðåâíåé Ðóñè. Ò.15. XVII âåê";"Àíòîëîãèÿ";"2006";"0+";"Íàóêà";"Êíèãà ãîäà";"Ãðàí-ïðè";"1124004828";
"225";"2020";"Áèáëèîòåêà ëèòåðàòóðû Äðåâíåé Ðóñè. Ò.16. XVII âåê";"Àíòîëîãèÿ";"2016";"0+";"Íàóêà";"Êíèãà ãîäà";"Ãðàí-ïðè";"1124004834";
"226";"2020";"Áèáëèîòåêà ëèòåðàòóðû Äðåâíåé Ðóñè. Ò.17. XVII âåê";"Àíòîëîãèÿ";"2013";"0+";"Íàóêà";"Êíèãà ãîäà";"Ãðàí-ïðè";"1124004839";
"227";"2020";"Áèáëèîòåêà ëèòåðàòóðû Äðåâíåé Ðóñè. Ò.18. XVII âåê";"Àíòîëîãèÿ";"2014";"0+";"Íàóêà";"Êíèãà ãîäà";"Ãðàí-ïðè";"1124004846";
"228";"2020";"Áèáëèîòåêà ëèòåðàòóðû Äðåâíåé Ðóñè. Ò.19. XVII âåê";"Àíòîëîãèÿ";"2015";"0+";"Íàóêà";"Êíèãà ãîäà";"Ãðàí-ïðè";"1124004852";
"229";"2020";"Áèáëèîòåêà ëèòåðàòóðû Äðåâíåé Ðóñè. Ò.20. XI - XII âåêà";"Àíòîëîãèÿ";"2016";"0+";"Íàóêà";"Êíèãà ãîäà";"Ãðàí-ïðè";"1124004859";
"230";"2020";"Áèáëèîòåêà ëèòåðàòóðû Äðåâíåé Ðóñè. Ò.7. Âòîðàÿ ïîë. XV âåêà";"Àíòîëîãèÿ";"2005";"0+";"Íàóêà";"Êíèãà ãîäà";"Ãðàí-ïðè";"1124004864";
"231";"2020";"Áèáëèîòåêà ëèòåðàòóðû Äðåâíåé Ðóñè. Ò.8. XIV - ïåðâàÿ ïîë. XVI âåêà";"Àíòîëîãèÿ";"2003";"0+";"Íàóêà";"Êíèãà ãîäà";"Ãðàí-ïðè";"1124004868";
"232";"2020";"Áèáëèîòåêà ëèòåðàòóðû Äðåâíåé Ðóñè. Ò.9. XV - ïåðâàÿ ïîë. XVI âåêà";"Àíòîëîãèÿ";"2006";"0+";"Íàóêà";"Êíèãà ãîäà";"Ãðàí-ïðè";"1124004874";
"233";"2020";"Êîñìîñ. Èëëþñòðèðîâàííàÿ èñòîðèÿ àñòðîíîìèè è êîñìîëîãèè";"Íîðò Äæîí";"2020";"0+";"Íîâîå ëèòåðàòóðíîå îáîçðåíèå";"Ïðîñâåòèòåëü";"Íîìèíàöèÿ «Åñòåñòâåííûå è òî÷íûå íàóêè»";"1124004880";
"234";"2020";"Âðåìÿ áàíêåòîâ: Ïîëèòèêà è ñèìâîëèêà îäíîãî ïîêîëåíèÿ (1818–1848)";"Ðîáåð Âåíñàí";"2019";"0+";"Íîâîå ëèòåðàòóðíîå îáîçðåíèå";"Ïðîñâåòèòåëü";"Íîìèíàöèÿ «Ãóìàíèòàðíûå íàóêè»";"1124004887";
"235";"2020";"Îòòåïåëü: Ñîáûòèÿ. Ìàðò 1953 – àâãóñò 1968 ãîäà";"×óïðèíèí Ñåðãåé";"2020";"0+";"Íîâîå ëèòåðàòóðíîå îáîçðåíèå";"Ïðîñâåòèòåëü";"Íîìèíàöèÿ «Ãóìàíèòàðíûå íàóêè»";"1124004894";
"236";"2020";"Áàíê 4.0: Íîâàÿ ôèíàíñîâàÿ ðåàëüíîñòü";"Áðåòò Êèíã";"2020";"12+";"Îëèìï-áèçíåñ";"Äåëîâàÿ êíèãà ãîäà â Ðîññèè";"Ëàóðåàò «Ëó÷øàÿ êíèãà çàðóáåæíîãî àâòîðà»";"1124004899";
"237";"2020";"Ìàëåíüêàÿ êíèãà î ÷åðíûõ äûðàõ";"Ãàáñåð Ñòèâåí Ïðåòîðèóñ Ôðàíñ";"2019";"16+";"Ïèòåð";"Ïðîñâåòèòåëü";"Íîìèíàöèÿ «Åñòåñòâåííûå è òî÷íûå íàóêè»";"1124004906";
"238";"2020";"Ñóä íàðîäîâ";"Çâÿãèíöåâ Àëåêñàíäð";"2020";"16+";"Ðèïîë Êëàññèê";"Êíèãà ãîäà";"Íîìèíàöèÿ «Äåíü ïîáåäû» Ïîáåäèòåëü";"1124004912";
"239";"2020";"È çâóê è îòçâóê: èç ðàçíûõ êíèã";"×óõîíöåâ Îëåã";"2020";"18+";"Ðóòåíèÿ (ÁÑÃ)";"Êíèãà ãîäà";"Íîìèíàöèÿ «Ïîýçèÿ ãîäà» Ïîáåäèòåëü";"1124004918";
"240";"2020";"Äæåéìñ Ìèðàíäà Áàððè";"Äàíêåð Ïàòðèñèÿ";"2020";"16+";"Ñèíäáàä";"ßñíàÿ ïîëÿíà";"Íîìèíàöèÿ «Èíîñòðàííàÿ ëèòåðàòóðà» Ëàóðåàò";"1124004925";
"241";"2020";"Ðàññêàçû î äâóêðûëûõ";"Âèõðåâ Íèêèòà";"2019";"12+";"Ôèòîí";"Ïðîñâåòèòåëü";"Íîìèíàöèÿ «Åñòåñòâåííûå è òî÷íûå íàóêè»";"1124004930";
"242";"2020";"Ïðåäìåñòüÿ ìûñëè. Ôèëîñîôè÷åñêàÿ ïðîãóëêà";"Ìàêóøèíñêèé Àëåêñåé";"2020";"16+";"Ýêñìî";"Áîëüøàÿ êíèãà";"Âûáîð íàðîäíîãî ÷èòàòåëüñêîãî ãîëîñîâàíèÿ";"1124004935";
"243";"2020";"Ìîëî÷íèê";"Áåðíñ Àííà";"2019";"18+";"Ýêñìî";"ßñíàÿ ïîëÿíà";"Íîìèíàöèÿ «Èíîñòðàííàÿ ëèòåðàòóðà» Ëîíã-ëèñò";"1124004941";
"244";"2020";"Ñðåäíåâåêîâüå êðóïíûì ïëàíîì";"Âîñêîáîéíèêîâ Îëåã";"2020";"12+";"Ýêñìî";"Ïðîñâåòèòåëü";"Íîìèíàöèÿ «Ãóìàíèòàðíûå íàóêè»";"1124004948";
"245";"2020";"Íàïîëåîíîâ îáîç, êí.1";"Ðóáèíà Äèíà";"2019";"18+";"Ýêñìî";"Áîëüøàÿ êíèãà";"Âûáîð íàðîäíîãî ÷èòàòåëüñêîãî ãîëîñîâàíèÿ";"1124005014";
"246";"2020";"Íàïîëåîíîâ îáîç, êí.2";"Ðóáèíà Äèíà";"2019";"18+";"Ýêñìî";"Áîëüøàÿ êíèãà";"Âûáîð íàðîäíîãî ÷èòàòåëüñêîãî ãîëîñîâàíèÿ";"1124005080";
"247";"2020";"Íàïîëåîíîâ îáîç, êí.3";"Ðóáèíà Äèíà";"2019";"18+";"Ýêñìî";"Áîëüøàÿ êíèãà";"Âûáîð íàðîäíîãî ÷èòàòåëüñêîãî ãîëîñîâàíèÿ";"1124005113";
"248";"2020";"Ñòàðòàï íà ìèëëèàðä. Ïîøàãîâîå ðóêîâîäñòâî ïî ñîçäàíèþ äèäæèòàë-áèçíåñà";"Ñïèðèäîíîâ Ìàêñèì Ìàêîâè÷ Âÿ÷åñëàâ";"2019";"16+";"Ýêñìî";"Äåëîâàÿ êíèãà ãîäà â Ðîññèè";"Ëàóðåàò «Ëó÷øàÿ êíèãà ðîññèéñêîãî àâòîðà»";"1124005123";
"249";"2020";"Äðàéâåðû ðîñòà. Êàê ñðåäíåé êîìïàíèè ñòàòü ãèãàíòîì";"Ìîë÷àíîâ Íèêîëàé";"2019";"16+";"Ýêñìî";"Äåëîâàÿ êíèãà ãîäà â Ðîññèè";"Ëàóðåàò «Ëó÷øàÿ êíèãà â ïîìîùü áèçíåñó»";"1124005130";
"250";"2021";"Ðèô";"Àëåêñåé Ïîëÿðèíîâ";"2020";"18+";"Ýêñìî";"Áîëüøàÿ êíèãà";"Øîðò-ëèñò";"2391862361";
"251";"2021";"Ýòîò áåðåã";"Àíäðåé Äìèòðèåâ";"2021";"0+";"Âðåìÿ";"Áîëüøàÿ êíèãà";"Øîðò-ëèñò";"2391862362";
"252";"2021";"Âå÷íàÿ ìåðçëîòà";"Âèêòîð Ðåìåçîâ";"2021";"18+";"Ðóáåæ (Ðåìèçîâ)";"Áîëüøàÿ êíèãà";"Øîðò-ëèñò";"2391862369";
"253";"2021";"Âå÷íàÿ ìåðçëîòà (Ðóáåæ)";"Âèêòîð Ðåìåçîâ";"2021";"18+";"Ìåäëåííûå êíèãè (ÊÑ)";"Áîëüøàÿ êíèãà";"Øîðò-ëèñò";"2391862405";
"254";"2021";"Àðõèâ Øóëüöà";"Âëàäèìèð Ïàïåðíûé";"2021";"18+";"ÀÑÒ";"Áîëüøàÿ êíèãà";"Øîðò-ëèñò";"2391862424";
"255";"2021";"Æåëàíèå áûòü ãîðîäîì";"Äìèòðèé Áàâèëüñêèé";"2020";"0+";"ÍËÎ";"Áîëüøàÿ êíèãà";"Øîðò-ëèñò";"2391862479";
"256";"2021";"Îïðàâäàíèå Îñòðîâà";"Åâãåíèé Âîäîëàçêèí";"2020";"16+";"ÀÑÒ";"Áîëüøàÿ êíèãà";"Øîðò-ëèñò";"2391862494";
"257";"2021";"Ôèëëýëèí";"Ëåîíèä Þçåôîâè÷";"2021";"0+";"ÀÑÒ";"Áîëüøàÿ êíèãà";"Øîðò-ëèñò";"2391862502";
"258";"2021";"Ëåñêîâ. Ïðîç¸âàííûé ãåíèé";"Ìàéà Êó÷åðñêàÿ";"2021";"16+";"Ìîëîäàÿ ãâàðäèÿ";"Áîëüøàÿ êíèãà";"Øîðò-ëèñò";"2391862513";
"259";"2021";"Ñàä";"Ìàðèíà Ñòåïíîâà";"2020";"18+";"ÀÑÒ";"Áîëüøàÿ êíèãà";"Øîðò-ëèñò";"2391862519";
"260";"2021";"Êîêà";"Ìèõàèë Ãèãîëàøâèëè";"2021";"18+";"ÀÑÒ";"Áîëüøàÿ êíèãà";"Øîðò-ëèñò";"2391862525";
"261";"2021";"Ñèìîí";"Íàðèíý Àáãàðÿí";"2020";"16+";"ÀÑÒ";"Áîëüøàÿ êíèãà";"Øîðò-ëèñò";"2391862533";
"262";"2021";"Ðàíà";"Îêñàíà Âàñÿêèíà";"2021";"18+";"ÍËÎ";"Áîëüøàÿ êíèãà";"Øîðò-ëèñò";"2391862547";
"263";"2021";"Ñàäû Âèâåðíû";"Þðèé Áóéäà";"2021";"18+";"ÀÑÒ";"Áîëüøàÿ êíèãà";"Øîðò-ëèñò";"2391862551";
"264";"2021";"Ïî÷óâñòâóé àðîìàò íîâîãî äíÿ. Èìïåðàòèâ êîìàíäíîé ðàáîòû";"Ìàê Ðîðè Ñàéìîí";"2020";"12+";"Îëèìï-Áèçíåñ";"Äåëîâàÿ êíèãà ãîäà â Ðîññèè";"Ëó÷øàÿ êíèãà çàðóáåæíîãî àâòîðà";"2391862566";
"265";"2021";"Îò íîñîðîãà ê åäèíîðîãó. Êàê ïðîâåñòè êîìïàíèþ ÷åðåç òðàíñôîðìàöèþ";"Âèêòîð Îðëîâñêèé Âëàäèìèð Êîðîâèí";"2020";"12+";"Ýêñìî";"Äåëîâàÿ êíèãà ãîäà â Ðîññèè";"Ëó÷øàÿ êíèãà ðîññèéñêîãî àâòîðà";"2391862601";
"266";"2021";"Èñòîðèÿ Ñåâàñòîïîëÿ â òðåõ òîìàõ";"Êîëëåêòèâ àâòîðîâ";"2021";"0+";"Èñòîðè÷åñêàÿ ëèòåðàòóðà (ÊÑ)";"Êíèãà ãîäà";"Ãðàí-ïðè";"2391862628";
"267";"2021";"Êîðíåé ×óêîâñêèé äëÿ äåòåé è âçðîñëûõ";"Êîðíåé ×óêîâñêèé";"2021";"0+";"Ðóòåíèÿ";"Êíèãà ãîäà";"ART-êíèãà";"2391862644";
"268";"2021";"Â ãîäû âåëèêèõ ïîòðÿñåíèé: Äíåâíèê ìîñêîâñêîãî îáûâàòåëÿ 19141924.";"Íèêîëàé Îêóíåâ";"2021";"12+";"Êó÷êîâî ïîëå";"Êíèãà ãîäà";"Humanitas";"2391862666";
"269";"2021";"Íåèçâåñòíîå Ñîëíöå. ×óäåñà. Ôàêòû. Çàãàäêè. Ðàññëåäîâàíèå";"Åëåíà Êèðè÷åê Èâàí Ïàí÷åíêî";"2021";"0+";"Àéàð";"Êíèãà ãîäà";"Non-fiction";"2391862688";
"270";"2021";"Áåç ñðîêà äàâíîñòè: ïðåñòóïëåíèÿ íàöèñòîâ è èõ ïîñîáíèêîâ â ãîäû ÂÎÂ. Ôåäåðàëüíûé òîì. ×. 1";"Êîëëåêòèâ àâòîðîâ";"2020";"0+";"Êó÷êîâî ïîëå";"Êíèãà ãîäà";"Äåíü ïîáåäû";"2391862704";
"271";"2021";"Áåç ñðîêà äàâíîñòè: ïðåñòóïëåíèÿ íàöèñòîâ è èõ ïîñîáíèêîâ â ãîäû ÂÎÂ. Ôåäåðàëüíûé òîì. ×.2";"Êîëëåêòèâ àâòîðîâ";"2020";"0+";"Êó÷êîâî ïîëå";"Êíèãà ãîäà";"Äåíü ïîáåäû";"2391862713";
"272";"2021";"Áàñíè äëÿ ñîëîâüÿ. 25 ïàð ôðàíöóçñêèõ è ðóññêèõ ïîñëîâèö è ïîãîâîðîê";"Ìèõàèë ßñíîâ Íàòàëüÿ Êàðïîâà";"2018";"0+";"Íèãìà";"Êíèãà ãîäà";"Äåòÿì";"2391862722";
"273";"2021";"Âåäü âû ìåíÿ ïîéì¸òå? 28 åâðåéñêèõ ïîòåøåê, ïðèáàóòîê è çàãàäîê";"Ìèõàèë ßñíîâ";"2020";"6+";"Íèãìà";"Êíèãà ãîäà";"Äåòÿì";"2391862732";
"274";"2021";"Ãäå êàïëÿ, òàì è îêåàí. 20 ÿïîíñêèõ ïîñëîâèö è ïîãîâîðîê";"Ìèõàèë ßñíîâ";"2021";"6+";"Íèãìà";"Êíèãà ãîäà";"Äåòÿì";"2391862742";
"275";"2021";"Êîøêè-ìûøêè";"Ìîðèñ Êàðåì";"2021";"6+";"Íèãìà";"Êíèãà ãîäà";"Äåòÿì";"2391862753";
"276";"2021";"Ëÿãóøîíîê ïîä âèøíåé. 20 êèòàéñêèõ ïîñëîâèö è ïîãîâîðîê";"Ìèõàèë ßñíîâ";"2021";"6+";"Íèãìà";"Êíèãà ãîäà";"Äåòÿì";"2391862759";
"277";"2021";"Ñàìîâàð è êîôåâàðêà. 34 ïàðû èòàëüÿíñêèõ è ðóññêèõ ïîñëîâèö";"Ìàðèÿ Ãîéõìàí Âàëåðèé Êîçëîâ";"2018";"6+";"Íèãìà";"Êíèãà ãîäà";"Äåòÿì";"2391862768";
"278";"2021";"Ó âñÿêîé ïòàøêè ñâîè çàìàøêè. 25 ðóññêèõ ïîñëîâèö è ïîãîâîðîê";"Ìèõàèë ßñíîâ";"2020";"0+";"Íèãìà";"Êíèãà ãîäà";"Äåòÿì";"2391862779";
"279";"2021";"×åãî íå áûâàåò? ×åìó íå áûâàòü? 23 ôðàíöóçñêèå íàðîäíûå çàãàäêè";"Ìèõàèë ßñíîâ Ìàðèÿ Ñóòÿãèíà";"2018";"6+";"Íèãìà";"Êíèãà ãîäà";"Äåòÿì";"2391862785";
"280";"2021";"Ø¸ë êîò¸íîê ïî òðîïèíêå. 25 ôðàíöóçñêèõ íàðîäíûõ ñ÷èòàëîê è ïîòåøåê";"Ìèõàèë ßñíîâ Âèêòîðèÿ Ïîïîâà";"2018";"0+";"Íèãìà";"Êíèãà ãîäà";"Äåòÿì";"2391862801";
"281";"2021";"Âîéíà è ìèð â îòäåëüíî âçÿòîé øêîëå: Ðîìàí-áóðèìå";"Êîëëåêòèâ àâòîðîâ";"2021";"16+";"ÀÑÒ";"Êíèãà ãîäà";"Ïîêîëåíèå 3";"2391862812";
"282";"2021";"Åìåëèíî îçåðî";"Þðèé Ðÿøåíöåâ";"2020";"0+";"Îðåíáóðãñêîå êíèæíîå èçäàòåëüñòâî èìåíè Ã.Ï. Äîíêîâöåâà";"Êíèãà ãîäà";"Ïîýçèÿ ãîäà";"2391862823";
"283";"2021";"Ëèöåé 2021. Ïÿòûé âûïóñê";"Êîëëåêòèâ àâòîðîâ";"2021";"18+";"ÀÑÒ";"Ëèöåé";"Ñáîðíèê ïðîèçâåäåíèé ëàóðåàòîâ";"2391862834";
"284";"2021";"Óäàð ñêîðïèîíà";"Àííà Çåíüêîâà";"2021";"12+";"Êîìïàñ Ãèä";"Ìåæäóíàðîäíàÿ äåòñêàÿ ëèòåðàòóðíàÿ ïðåìèÿ èì. Â. Êðàïèâèíà";"Âûáîð Ëèòåðàòóðíîãî ñîâåòà";"2391862855";
"285";"2021";"Ïîêðîâ-17";"Àëåêñàíäð Ïåëåâèí";"2021";"18+";"Ãîðîäåö";"Íàöèîíàëüíûé áåñòñåëëåð";"Ëàóðåàò";"2391862869";
"286";"2021";"Êîíåö ñâåòà, ìîÿ ëþáîâü";"Àëëà Ãîðáóíîâà";"2020";"18+";"ÍËÎ";"ÍÎÑ";"Ãðàí-ïðè";"2391862883";
"287";"2021";"Ñåäüìàÿ ùåëî÷ü: òåêñòû è ñóäüáû áëîêàäíûõ ïîýòîâ";"Ïîëèíà Áàðñêîâà";"2020";"16+";"Èçä-âî Èâàíà Ëèìáàõà";"ÍÎÑ";"Ãðàí-ïðè";"2391862896";
"288";"2021";"Òåòðàäè 1933-1942. Â 2-õ òîìàõ";"Ñèìîíà Âåéëü";"2016";"0+";"Èçä-âî Èâàíà Ëèìáàõà";"Ïðåìèÿ Àëåêñàíäðà Ïÿòèãîðñêîãî";"Øîðò-ëèñò";"2391862914";
"289";"2021";"Âîçìóùåíèå çíàêà. Êóëüòóðà ïðîòèâ òðàíñöåíäåíòíîãî (Common place)";"Åëåíà Ïåòðîâñêàÿ";"2019";"0+";"Ìåäëåííûå êíèãè (ÊÑ)";"Ïðåìèÿ Àëåêñàíäðà Ïÿòèãîðñêîãî";"Øîðò-ëèñò";"2391862927";
"290";"2021";"Õèìåðû â ëåñàõ ñõîëàñòèêè. Ens rationis è îáúåêòèâíîå áûòèå";"Ãàëèíà Âäîâèíà";"2020";"0+";"ÑÏáÄÀ";"Ïðåìèÿ Àëåêñàíäðà Ïÿòèãîðñêîãî";"Øîðò-ëèñò";"2391862947";
"291";"2021";"Ïåðâîå ïóòåøåñòâèå ìàëåíüêîãî ÷åìîäàí÷èêà";"Ìàðèíà Àðîìøòàì";"2019";"6+";"Âðåìÿ";"Ïðåìèÿ èì. Ê. ×óêîâñêîãî";"Ëó÷øåå ïðîèçâåäåíèå â ïðîçå äëÿ äåòåé â âîçðàñòå äî 7 ëåò";"2391862960";
"292";"2021";"Â ãîëîâå öâåòíûå ìûñëè";"Àíàñòàñèÿ Îðëîâà";"2020";"0+";"Âðåìÿ";"Ïðåìèÿ èì. Ê. ×óêîâñêîãî";"Ëó÷øèé ïîýòè÷åñêèé ñáîðíèê äëÿ äåòåé â âîçðàñòå äî 7 ëåò";"2391862968";
"293";"2021";"Ôèçèêà Òóçèêà";"Àëåêñåé Çàéöåâ";"2020";"0+";"Ñàìîêàò";"Ïðåìèÿ èì. Ê. ×óêîâñêîãî";"Ëó÷øèé ïîýòè÷åñêèé ñáîðíèê äëÿ äåòåé â âîçðàñòå îò 8 äî 12 ëåò";"2391862978";
"294";"2021";"Ôðàíöóçñêàÿ ðåâîëþöèÿ";"Áîâûêèí Äìèòðèé ×óäèíîâ Àëåêñàíäð";"2020";"12+";"Àëüïèíà";"Ïðîñâåòèòåëü";"Ãóìàíèòàðíûå íàóêè (øîðò)";"2391862991";
"295";"2021";"Ïðîêëÿòûå ýêîíîìèêè";"Ìîâ÷àí Àíäðåé Ìèòðîâ Àëåêñåé";"2021";"12+";"ÀÑÒ";"Ïðîñâåòèòåëü";"Ãóìàíèòàðíûå íàóêè (øîðò)";"2391863005";
"296";"2021";"Èñòîðèÿ ñìåðòè. Êàê ìû áîðåìñÿ è ïðèíèìàåì";"Ñåðãåé Ìîõîâ";"2020";"18+";"Èíäèâèäóóì";"Ïðîñâåòèòåëü";"Ãóìàíèòàðíûå íàóêè (øîðò)";"2391863019";
"297";"2021";"Êîëëåêöèîíåð æèçíåé. Äæîðäæî Âàçàðè è èçîáðåòåíèå èñêóññòâà";"Èíãðèä Ðîëàíä Íîé ×àðíè";"2018";"0+";"ÌÈÔ";"Ïðîñâåòèòåëü";"Ãóìàíèòàðíûå íàóêè. Ïåðåâîä (øîðò)";"2391863027";
"298";"2021";"Òî÷íîå ìûøëåíèå â áåçóìíûå âðåìåíà. Âåíñêèé êðóæîê è êðåñòîâûé ïîõîä çà îñíîâàíèÿìè íàóêè";"Êàðë Çèãìóíä";"2021";"16+";"ÀÑÒ";"Ïðîñâåòèòåëü";"Ãóìàíèòàðíûå íàóêè. Ïåðåâîä (øîðò)";"2391863028";
"299";"2021";"Ñîçäàíèå àòîìíîé áîìáû";"Ðè÷àðä Ðîóäñ";"2020";"18+";"Àçáóêà";"Ïðîñâåòèòåëü";"Ãóìàíèòàðíûå íàóêè. Ïåðåâîä (øîðò)";"2391863029";
"300";"2021";"Àðàáû. Èñòîðèÿ. XVI–XXI ââ.";"Þäæèí Ðîãàí";"2019";"16+";"Àëüïèíà";"Ïðîñâåòèòåëü";"Ãóìàíèòàðíûå íàóêè. Ïåðåâîä (øîðò)";"2391863030";
"301";"2021";"Åâàíãåëèå îò LUCA. Â ïîèñêàõ ðîäîñëîâíîé æèâîòíîãî ìèðà";"Ìàêñèì Âèíàðñêèé";"2021";"0+";"Àëüïèíà";"Ïðîñâåòèòåëü";"Åñòåññòâåííûå íàóêè (øîðò)";"2391863031";
"302";"2021";"Ìàÿòíèê ñíà";"Âëàäèìèð Êîâàëüçîí";"2021";"12+";"Äèñêóðñ";"Ïðîñâåòèòåëü";"Åñòåññòâåííûå íàóêè (øîðò)";"2391863032";
"303";"2021";"Ñòðåññ, áîëü è îïèîèäû. Îá ýíäîðôèíàõ è íå òîëüêî";"Ñåðãåé Ïàðèí";"2021";"12+";"Äèñêóðñ";"Ïðîñâåòèòåëü";"Åñòåññòâåííûå íàóêè (øîðò)";"2391863065";
"304";"2021";"Âèðóñ, êîòîðûé ñëîìàë ïëàíåòó. Ïî÷åìó SARS-CoV-2 òàêîé îñîáåííûé è ÷òî íàì ñ íèì äåëàòü";"Èðèíà ßêóòåíêî";"2021";"0+";"Àëüïèíà";"Ïðîñâåòèòåëü";"Åñòåññòâåííûå íàóêè (øîðò)";"2391863176";
"305";"2021";"Ìàòåìàòèêà ñ äóðàöêèìè ðèñóíêàìè. Èäåè, êîòîðûå ôîðìèðóþò íàøó ðåàëüíîñòü";"Áåí Îðëèí";"2020";"12+";"Àëüïèíà";"Ïðîñâåòèòåëü";"Åñòåññòâåííûå íàóêè. Ïåðåâîä (øîðò)";"2391863273";
"306";"2021";"Îíà ñìååòñÿ, êàê ìàòü. Ìîãóùåñòâî è ïðè÷óäû íàñëåäñòâåííîñòè";"Êàðë Öèììåð";"2020";"16+";"Àëüïèíà";"Ïðîñâåòèòåëü";"Åñòåññòâåííûå íàóêè. Ïåðåâîä (øîðò)";"2391863274";
"307";"2021";"Õèìèÿ íàâñåãäà. Î ãîðîõîâîì ñóïå, îïàñíîñòè óòðåííåãî êîôå è ïðîáå ìèñòåðà Ìàðøà";"Ëàðñ Îðñòð¸ì";"2021";"16+";"Àçáóêà";"Ïðîñâåòèòåëü";"Åñòåññòâåííûå íàóêè. Ïåðåâîä (øîðò)";"2391863275";
"308";"2021";"Ðåêà, âûõîäÿùàÿ èç Ýäåìà. Æèçíü ñ òî÷êè çðåíèÿ äàðâèíèñòà";"Ðè÷àðä Äîêèíç";"2020";"12+";"ÀÑÒ";"Ïðîñâåòèòåëü";"Åñòåññòâåííûå íàóêè. Ïåðåâîä (øîðò)";"2391863276";
"309";"2021";"Æåíñêèå óáåæäåíèÿ";"Ìåã Âóëèöåð";"2021";"16+";"Ëàéâáóê";"ßñíàÿ ïîëÿíà";"Èíîñòðàííàÿ ëèòåðàòóðà Ëîíã-ëèñò";"2391863277";
"310";"2021";"Ñëàâà";"Äàíèýëü Êåëüìàí";"2018";"16+";"ÀÑÒ";"ßñíàÿ ïîëÿíà";"Èíîñòðàííàÿ ëèòåðàòóðà Ëîíã-ëèñò";"2391863278";
"311";"2021";"Íàéòè âèíîâàòîãî";"Äæåôôðè Åâãåíèäèñ";"2019";"16+";"Ðèïîë-Êëàññèê";"ßñíàÿ ïîëÿíà";"Èíîñòðàííàÿ ëèòåðàòóðà Ëîíã-ëèñò";"2391863279";
"312";"2021";"Å¸ òåëî è äðóãèå";"Êàðìåí Ìàðèÿ Ìà÷àäî";"2020";"18+";"ÌÈÔ";"ßñíàÿ ïîëÿíà";"Èíîñòðàííàÿ ëèòåðàòóðà Ëîíã-ëèñò";"2391863280";
"313";"2021";"Ìîÿ òåìíàÿ Âàíåññà";"Êåéò Ýëèçàáåò Ðàññåëë";"2021";"18+";"Ñèíäáàä";"ßñíàÿ ïîëÿíà";"Èíîñòðàííàÿ ëèòåðàòóðà Ëîíã-ëèñò";"2391863281";
"314";"2021";"Ëÿãóøêè";"Ìî ßíü";"2021";"16+";"Ýêñìî";"ßñíàÿ ïîëÿíà";"Èíîñòðàííàÿ ëèòåðàòóðà Ëîíã-ëèñò";"2391863282";
"315";"2021";"Ðàçãîâîðû ñ äðóçüÿìè";"Ñàëëè Ðóíè";"2021";"16+";"Ñèíäáàä";"ßñíàÿ ïîëÿíà";"Èíîñòðàííàÿ ëèòåðàòóðà Ëîíã-ëèñò";"2391863283";
"316";"2021";"Êîêîí";"×æàí Þýæàíü";"2021";"18+";"Ôàíòîì Ïðåññ";"ßñíàÿ ïîëÿíà";"Èíîñòðàííàÿ ëèòåðàòóðà Ëîíã-ëèñò";"2391863284";
"317";"2021";"Ãîòñêèå ïèñüìà";"Ãåðìàí Ñàäóëàåâ";"2021";"16+";"Ëèìáóñ ïðåññ";"ßñíàÿ ïîëÿíà";"Ðóññêàÿ ëèòåðàòóðà Øîðò-ëèñò";"2391863285";
"318";"2021";"Æèçíåîïèñàíèå Ëüâà";"Íàòàëèÿ Ðåïèíà";"2021";"16+";"Ýêñìî";"ßñíàÿ ïîëÿíà";"Ðóññêàÿ ëèòåðàòóðà Øîðò-ëèñò";"2391863286";
